Planet_ID,Predicted_Class
0,7
1,2
2,1
3,0
4,4
5,1
6,4
7,4
8,2
9,9
10,0
11,6
12,9
13,0
14,1
15,5
16,4
17,7
18,3
19,4
20,9
21,6
22,6
23,5
24,4
25,0
26,7
27,4
28,0
29,1
30,3
31,1
32,3
33,4
34,7
35,2
36,7
37,1
38,2
39,1
40,1
41,7
42,4
43,5
44,3
45,5
46,1
47,2
48,4
49,4
50,6
51,3
52,5
53,5
54,6
55,5
56,4
57,1
58,4
59,5
60,7
61,2
62,4
63,8
64,9
65,9
66,6
67,4
68,3
69,0
70,7
71,0
72,3
73,8
74,1
75,9
76,5
77,2
78,9
79,7
80,7
81,6
82,2
83,7
84,4
85,4
86,7
87,3
88,6
89,1
90,3
91,6
92,4
93,3
94,1
95,4
96,1
97,8
98,6
99,4
100,6
101,0
102,5
103,4
104,9
105,4
106,2
107,1
108,9
109,4
110,8
111,7
112,3
113,9
114,7
115,4
116,4
117,4
118,4
119,8
120,5
121,4
122,7
123,6
124,4
125,4
126,0
127,5
128,8
129,5
130,6
131,6
132,5
133,7
134,8
135,1
136,0
137,1
138,6
139,4
140,6
141,7
142,3
143,1
144,9
145,1
146,8
147,2
148,0
149,2
150,4
151,9
152,5
153,5
154,1
155,5
156,4
157,0
158,3
159,4
160,4
161,6
162,5
163,4
164,6
165,5
166,4
167,5
168,1
169,4
170,4
171,7
172,3
173,3
174,2
175,1
176,1
177,8
178,1
179,3
180,1
181,3
182,5
183,0
184,3
185,4
186,2
187,3
188,0
189,1
190,1
191,1
192,0
193,9
194,0
195,2
196,1
197,6
198,4
199,2
200,3
201,6
202,1
203,1
204,1
205,3
206,9
207,5
208,2
209,4
210,4
211,5
212,4
213,7
214,9
215,8
216,3
217,6
218,5
219,5
220,7
221,2
222,2
223,7
224,1
225,2
226,8
227,4
228,1
229,7
230,5
231,3
232,2
233,7
234,7
235,7
236,2
237,2
238,4
239,1
240,3
241,5
242,0
243,7
244,2
245,5
246,0
247,6
248,4
249,2
250,9
251,1
252,9
253,5
254,7
255,7
256,2
257,8
258,2
259,0
260,8
261,5
262,7
263,7
264,4
265,1
266,8
267,1
268,5
269,0
270,3
271,0
272,1
273,9
274,9
275,4
276,1
277,8
278,2
279,1
280,2
281,4
282,7
283,5
284,9
285,2
286,6
287,4
288,1
289,3
290,9
291,2
292,9
293,2
294,0
295,4
296,0
297,0
298,2
299,3
300,6
301,7
302,1
303,2
304,9
305,0
306,2
307,9
308,4
309,3
310,3
311,0
312,0
313,5
314,1
315,9
316,6
317,5
318,2
319,5
320,7
321,7
322,9
323,3
324,6
325,4
326,2
327,0
328,7
329,1
330,1
331,2
332,1
333,5
334,3
335,3
336,4
337,7
338,8
339,6
340,5
341,4
342,1
343,3
344,8
345,1
346,5
347,5
348,1
349,7
350,1
351,5
352,0
353,6
354,1
355,5
356,5
357,1
358,7
359,9
360,4
361,6
362,2
363,1
364,5
365,0
366,6
367,5
368,6
369,3
370,7
371,2
372,0
373,8
374,3
375,5
376,9
377,1
378,1
379,4
380,0
381,7
382,3
383,7
384,6
385,1
386,6
387,2
388,1
389,9
390,2
391,8
392,4
393,1
394,5
395,5
396,2
397,5
398,4
399,4
400,2
401,8
402,3
403,9
404,2
405,4
406,5
407,0
408,3
409,1
410,7
411,7
412,3
413,7
414,9
415,7
416,1
417,9
418,2
419,1
420,4
421,2
422,9
423,2
424,0
425,4
426,9
427,1
428,4
429,8
430,1
431,2
432,4
433,5
434,9
435,8
436,8
437,3
438,7
439,6
440,0
441,0
442,3
443,5
444,3
445,0
446,6
447,4
448,8
449,5
450,3
451,8
452,2
453,3
454,4
455,1
456,2
457,6
458,8
459,0
460,5
461,6
462,6
463,6
464,7
465,8
466,3
467,2
468,8
469,5
470,3
471,7
472,6
473,1
474,8
475,4
476,1
477,2
478,6
479,3
480,1
481,4
482,7
483,5
484,4
485,0
486,4
487,4
488,9
489,1
490,0
491,5
492,2
493,3
494,7
495,0
496,4
497,4
498,0
499,6
500,3
501,4
502,5
503,2
504,1
505,3
506,1
507,5
508,6
509,5
510,7
511,4
512,2
513,2
514,6
515,4
516,2
517,6
518,5
519,9
520,5
521,9
522,9
523,1
524,3
525,0
526,3
527,3
528,3
529,1
530,4
531,3
532,4
533,4
534,6
535,4
536,2
537,1
538,5
539,2
540,5
541,4
542,2
543,4
544,4
545,0
546,0
547,3
548,3
549,2
550,9
551,4
552,0
553,2
554,7
555,4
556,4
557,7
558,9
559,6
560,4
561,0
562,4
563,8
564,0
565,9
566,6
567,0
568,6
569,4
570,5
571,4
572,8
573,3
574,3
575,9
576,3
577,3
578,8
579,7
580,8
581,0
582,2
583,2
584,1
585,7
586,0
587,6
588,5
589,4
590,3
591,3
592,0
593,9
594,6
595,5
596,8
597,0
598,9
599,4
600,6
601,3
602,6
603,8
604,5
605,9
606,3
607,6
608,0
609,2
610,4
611,0
612,2
613,7
614,3
615,1
616,4
617,7
618,5
619,8
620,0
621,8
622,4
623,6
624,2
625,6
626,7
627,4
628,4
629,0
630,4
631,8
632,2
633,2
634,4
635,2
636,7
637,3
638,5
639,9
640,1
641,8
642,0
643,2
644,0
645,0
646,6
647,1
648,3
649,7
650,6
651,7
652,1
653,2
654,0
655,8
656,0
657,3
658,7
659,7
660,4
661,0
662,4
663,1
664,3
665,6
666,7
667,1
668,4
669,3
670,4
671,6
672,1
673,9
674,5
675,1
676,7
677,3
678,9
679,7
680,6
681,4
682,1
683,3
684,8
685,8
686,3
687,3
688,6
689,7
690,2
691,4
692,5
693,8
694,5
695,1
696,1
697,4
698,4
699,5
700,1
701,0
702,7
703,7
704,0
705,7
706,4
707,9
708,4
709,8
710,5
711,0
712,4
713,0
714,3
715,2
716,1
717,6
718,8
719,4
720,6
721,0
722,4
723,5
724,6
725,1
726,7
727,3
728,2
729,6
730,7
731,2
732,6
733,4
734,3
735,1
736,4
737,6
738,3
739,5
740,9
741,2
742,0
743,6
744,2
745,1
746,7
747,3
748,4
749,1
750,0
751,5
752,4
753,3
754,1
755,1
756,7
757,4
758,4
759,9
760,9
761,8
762,4
763,0
764,2
765,4
766,3
767,1
768,1
769,6
770,4
771,7
772,1
773,4
774,4
775,2
776,4
777,1
778,5
779,5
780,3
781,3
782,3
783,1
784,4
785,5
786,6
787,8
788,9
789,4
790,1
791,4
792,3
793,3
794,0
795,6
796,2
797,5
798,1
799,2
800,5
801,6
802,4
803,4
804,0
805,8
806,2
807,3
808,3
809,1
810,7
811,3
812,5
813,4
814,6
815,3
816,2
817,6
818,1
819,3
820,6
821,0
822,7
823,2
824,1
825,7
826,1
827,4
828,2
829,4
830,4
831,1
832,7
833,7
834,6
835,1
836,1
837,2
838,4
839,3
840,1
841,7
842,7
843,4
844,7
845,0
846,9
847,3
848,1
849,3
850,1
851,0
852,7
853,7
854,0
855,3
856,5
857,5
858,2
859,7
860,6
861,6
862,4
863,2
864,8
865,3
866,5
867,2
868,2
869,5
870,6
871,0
872,8
873,2
874,9
875,2
876,8
877,8
878,8
879,3
880,7
881,4
882,7
883,5
884,0
885,6
886,6
887,3
888,2
889,1
890,3
891,2
892,2
893,9
894,3
895,0
896,0
897,5
898,8
899,3
900,1
901,4
902,4
903,6
904,0
905,2
906,4
907,1
908,4
909,7
910,4
911,7
912,3
913,4
914,8
915,8
916,4
917,7
918,1
919,2
920,1
921,2
922,2
923,3
924,8
925,3
926,2
927,3
928,4
929,1
930,7
931,4
932,0
933,3
934,5
935,5
936,0
937,6
938,5
939,0
940,6
941,7
942,6
943,6
944,3
945,2
946,7
947,8
948,1
949,1
950,4
951,7
952,4
953,4
954,9
955,5
956,2
957,5
958,3
959,4
960,9
961,8
962,7
963,1
964,1
965,0
966,9
967,1
968,4
969,7
970,5
971,4
972,0
973,6
974,2
975,2
976,3
977,1
978,5
979,1
980,2
981,0
982,3
983,3
984,1
985,2
986,6
987,7
988,1
989,6
990,8
991,3
992,4
993,0
994,1
995,2
996,2
997,0
998,8
999,4
1000,9
1001,0
1002,3
1003,3
1004,1
1005,9
1006,7
1007,8
1008,1
1009,0
1010,4
1011,1
1012,9
1013,9
1014,0
1015,9
1016,2
1017,4
1018,8
1019,1
1020,3
1021,7
1022,5
1023,9
1024,4
1025,1
1026,3
1027,1
1028,3
1029,8
1030,1
1031,2
1032,4
1033,8
1034,0
1035,6
1036,2
1037,1
1038,1
1039,5
1040,1
1041,5
1042,3
1043,4
1044,4
1045,9
1046,5
1047,0
1048,4
1049,2
1050,0
1051,4
1052,8
1053,2
1054,1
1055,7
1056,2
1057,4
1058,9
1059,4
1060,4
1061,0
1062,9
1063,9
1064,2
1065,2
1066,3
1067,3
1068,9
1069,3
1070,5
1071,7
1072,3
1073,5
1074,8
1075,1
1076,2
1077,4
1078,4
1079,6
1080,4
1081,4
1082,5
1083,1
1084,0
1085,6
1086,4
1087,5
1088,4
1089,3
1090,4
1091,7
1092,5
1093,2
1094,0
1095,3
1096,7
1097,1
1098,3
1099,6
1100,7
1101,8
1102,5
1103,4
1104,7
1105,9
1106,6
1107,5
1108,6
1109,3
1110,7
1111,4
1112,6
1113,5
1114,8
1115,5
1116,4
1117,7
1118,3
1119,2
1120,3
1121,6
1122,7
1123,6
1124,5
1125,4
1126,7
1127,3
1128,8
1129,1
1130,4
1131,5
1132,2
1133,7
1134,3
1135,5
1136,1
1137,1
1138,2
1139,1
1140,4
1141,7
1142,4
1143,8
1144,5
1145,4
1146,5
1147,4
1148,0
1149,8
1150,3
1151,6
1152,7
1153,6
1154,5
1155,2
1156,7
1157,4
1158,4
1159,4
1160,4
1161,6
1162,6
1163,4
1164,7
1165,4
1166,3
1167,4
1168,5
1169,5
1170,8
1171,7
1172,3
1173,9
1174,2
1175,7
1176,0
1177,2
1178,4
1179,1
1180,1
1181,1
1182,6
1183,9
1184,2
1185,9
1186,7
1187,2
1188,0
1189,1
1190,5
1191,0
1192,7
1193,1
1194,9
1195,0
1196,6
1197,0
1198,9
1199,6
1200,5
1201,1
1202,5
1203,0
1204,3
1205,3
1206,7
1207,2
1208,3
1209,6
1210,2
1211,1
1212,6
1213,1
1214,1
1215,5
1216,7
1217,9
1218,0
1219,3
1220,0
1221,5
1222,4
1223,0
1224,2
1225,8
1226,2
1227,2
1228,3
1229,8
1230,4
1231,0
1232,4
1233,5
1234,5
1235,5
1236,1
1237,2
1238,1
1239,5
1240,1
1241,4
1242,4
1243,4
1244,7
1245,2
1246,0
1247,3
1248,5
1249,8
1250,6
1251,6
1252,5
1253,6
1254,1
1255,4
1256,8
1257,1
1258,5
1259,2
1260,1
1261,0
1262,2
1263,4
1264,4
1265,3
1266,4
1267,8
1268,8
1269,4
1270,9
1271,0
1272,7
1273,0
1274,4
1275,4
1276,7
1277,5
1278,3
1279,4
1280,1
1281,5
1282,4
1283,2
1284,3
1285,5
1286,8
1287,3
1288,0
1289,4
1290,3
1291,3
1292,6
1293,4
1294,0
1295,1
1296,6
1297,0
1298,3
1299,5
1300,4
1301,4
1302,1
1303,8
1304,4
1305,1
1306,4
1307,6
1308,9
1309,4
1310,3
1311,4
1312,8
1313,4
1314,4
1315,5
1316,1
1317,5
1318,1
1319,3
1320,8
1321,7
1322,4
1323,4
1324,3
1325,4
1326,1
1327,4
1328,4
1329,1
1330,4
1331,3
1332,6
1333,0
1334,5
1335,2
1336,2
1337,6
1338,1
1339,5
1340,5
1341,2
1342,4
1343,4
1344,6
1345,2
1346,7
1347,7
1348,2
1349,3
1350,1
1351,1
1352,2
1353,8
1354,3
1355,9
1356,8
1357,4
1358,1
1359,7
1360,1
1361,7
1362,6
1363,7
1364,5
1365,2
1366,7
1367,3
1368,1
1369,7
1370,5
1371,3
1372,2
1373,6
1374,2
1375,3
1376,5
1377,6
1378,5
1379,0
1380,4
1381,2
1382,4
1383,3
1384,3
1385,9
1386,7
1387,6
1388,6
1389,8
1390,0
1391,4
1392,1
1393,5
1394,8
1395,8
1396,9
1397,1
1398,3
1399,0
1400,6
1401,7
1402,2
1403,1
1404,0
1405,5
1406,5
1407,2
1408,0
1409,1
1410,6
1411,0
1412,2
1413,4
1414,4
1415,2
1416,0
1417,4
1418,4
1419,4
1420,6
1421,5
1422,4
1423,7
1424,1
1425,4
1426,3
1427,4
1428,4
1429,4
1430,1
1431,2
1432,2
1433,8
1434,1
1435,4
1436,6
1437,4
1438,0
1439,9
1440,5
1441,2
1442,3
1443,8
1444,4
1445,0
1446,2
1447,5
1448,1
1449,9
1450,6
1451,2
1452,9
1453,4
1454,0
1455,4
1456,6
1457,0
1458,6
1459,2
1460,5
1461,9
1462,2
1463,3
1464,3
1465,5
1466,5
1467,5
1468,0
1469,5
1470,3
1471,5
1472,5
1473,5
1474,3
1475,6
1476,3
1477,7
1478,6
1479,3
1480,3
1481,4
1482,6
1483,1
1484,1
1485,2
1486,4
1487,0
1488,4
1489,3
1490,3
1491,6
1492,9
1493,5
1494,5
1495,1
1496,7
1497,7
1498,7
1499,3
1500,1
1501,4
1502,8
1503,3
1504,0
1505,7
1506,2
1507,7
1508,9
1509,4
1510,5
1511,4
1512,4
1513,3
1514,2
1515,1
1516,4
1517,0
1518,2
1519,3
1520,7
1521,5
1522,9
1523,8
1524,8
1525,0
1526,0
1527,6
1528,1
1529,4
1530,7
1531,3
1532,4
1533,0
1534,0
1535,0
1536,6
1537,6
1538,2
1539,3
1540,7
1541,8
1542,4
1543,9
1544,7
1545,9
1546,8
1547,4
1548,1
1549,4
1550,5
1551,2
1552,4
1553,8
1554,7
1555,1
1556,8
1557,4
1558,0
1559,5
1560,8
1561,4
1562,8
1563,7
1564,7
1565,0
1566,7
1567,2
1568,3
1569,4
1570,0
1571,4
1572,8
1573,8
1574,2
1575,4
1576,7
1577,6
1578,6
1579,6
1580,4
1581,4
1582,1
1583,3
1584,8
1585,2
1586,8
1587,6
1588,3
1589,0
1590,0
1591,3
1592,7
1593,6
1594,9
1595,7
1596,4
1597,9
1598,5
1599,4
1600,3
1601,8
1602,6
1603,1
1604,3
1605,3
1606,7
1607,3
1608,3
1609,0
1610,0
1611,3
1612,3
1613,8
1614,4
1615,3
1616,6
1617,3
1618,5
1619,0
1620,2
1621,6
1622,4
1623,0
1624,7
1625,4
1626,5
1627,4
1628,5
1629,5
1630,1
1631,9
1632,6
1633,1
1634,9
1635,5
1636,4
1637,5
1638,0
1639,5
1640,4
1641,7
1642,2
1643,1
1644,2
1645,9
1646,1
1647,9
1648,9
1649,4
1650,0
1651,8
1652,4
1653,5
1654,2
1655,4
1656,2
1657,1
1658,2
1659,1
1660,7
1661,3
1662,6
1663,8
1664,8
1665,4
1666,4
1667,1
1668,4
1669,8
1670,5
1671,7
1672,5
1673,1
1674,1
1675,8
1676,6
1677,5
1678,2
1679,4
1680,4
1681,7
1682,2
1683,3
1684,5
1685,6
1686,8
1687,8
1688,6
1689,2
1690,3
1691,1
1692,0
1693,5
1694,3
1695,9
1696,2
1697,9
1698,6
1699,7
1700,0
1701,4
1702,8
1703,7
1704,1
1705,7
1706,4
1707,1
1708,0
1709,7
1710,7
1711,2
1712,0
1713,0
1714,9
1715,1
1716,1
1717,0
1718,4
1719,8
1720,4
1721,9
1722,2
1723,0
1724,4
1725,6
1726,0
1727,3
1728,1
1729,1
1730,3
1731,3
1732,5
1733,6
1734,7
1735,4
1736,1
1737,6
1738,3
1739,0
1740,8
1741,7
1742,3
1743,9
1744,6
1745,9
1746,3
1747,5
1748,0
1749,2
1750,7
1751,4
1752,5
1753,1
1754,2
1755,5
1756,8
1757,0
1758,8
1759,5
1760,1
1761,5
1762,0
1763,5
1764,0
1765,5
1766,1
1767,4
1768,0
1769,8
1770,7
1771,2
1772,7
1773,1
1774,5
1775,0
1776,7
1777,0
1778,4
1779,3
1780,1
1781,4
1782,2
1783,7
1784,7
1785,1
1786,4
1787,4
1788,4
1789,3
1790,7
1791,1
1792,7
1793,4
1794,0
1795,2
1796,0
1797,3
1798,3
1799,7
1800,4
1801,9
1802,2
1803,3
1804,3
1805,7
1806,7
1807,0
1808,0
1809,7
1810,5
1811,2
1812,9
1813,0
1814,7
1815,4
1816,4
1817,2
1818,6
1819,6
1820,1
1821,4
1822,4
1823,4
1824,2
1825,9
1826,0
1827,8
1828,3
1829,1
1830,1
1831,6
1832,5
1833,5
1834,1
1835,1
1836,1
1837,5
1838,1
1839,2
1840,3
1841,0
1842,2
1843,2
1844,1
1845,3
1846,5
1847,5
1848,7
1849,4
1850,7
1851,9
1852,9
1853,6
1854,4
1855,4
1856,4
1857,6
1858,8
1859,5
1860,1
1861,4
1862,2
1863,4
1864,9
1865,5
1866,1
1867,4
1868,9
1869,0
1870,3
1871,4
1872,4
1873,5
1874,7
1875,1
1876,3
1877,3
1878,5
1879,4
1880,9
1881,8
1882,7
1883,1
1884,1
1885,6
1886,7
1887,6
1888,3
1889,2
1890,2
1891,0
1892,3
1893,9
1894,2
1895,5
1896,1
1897,0
1898,8
1899,1
1900,4
1901,5
1902,7
1903,9
1904,6
1905,9
1906,0
1907,6
1908,1
1909,5
1910,5
1911,3
1912,3
1913,8
1914,2
1915,6
1916,5
1917,0
1918,7
1919,4
1920,6
1921,1
1922,3
1923,4
1924,7
1925,5
1926,2
1927,5
1928,4
1929,4
1930,5
1931,2
1932,7
1933,1
1934,7
1935,2
1936,6
1937,4
1938,1
1939,2
1940,0
1941,4
1942,6
1943,0
1944,1
1945,3
1946,2
1947,7
1948,7
1949,7
1950,6
1951,8
1952,3
1953,5
1954,2
1955,4
1956,2
1957,4
1958,5
1959,8
1960,8
1961,3
1962,4
1963,9
1964,2
1965,7
1966,5
1967,8
1968,6
1969,5
1970,6
1971,0
1972,3
1973,6
1974,7
1975,5
1976,6
1977,4
1978,4
1979,4
1980,4
1981,6
1982,3
1983,6
1984,4
1985,1
1986,0
1987,1
1988,4
1989,6
1990,2
1991,9
1992,1
1993,1
1994,0
1995,6
1996,3
1997,9
1998,5
1999,6
2000,5
2001,6
2002,5
2003,8
2004,4
2005,6
2006,4
2007,5
2008,4
2009,1
2010,3
2011,4
2012,1
2013,9
2014,1
2015,2
2016,1
2017,7
2018,9
2019,5
2020,5
2021,4
2022,0
2023,7
2024,5
2025,6
2026,1
2027,1
2028,5
2029,5
2030,3
2031,3
2032,0
2033,1
2034,5
2035,7
2036,5
2037,8
2038,6
2039,4
2040,1
2041,0
2042,4
2043,7
2044,3
2045,4
2046,6
2047,7
2048,4
2049,8
2050,1
2051,4
2052,9
2053,9
2054,2
2055,8
2056,6
2057,2
2058,7
2059,0
2060,0
2061,6
2062,9
2063,5
2064,8
2065,6
2066,0
2067,4
2068,3
2069,9
2070,1
2071,3
2072,5
2073,4
2074,3
2075,3
2076,5
2077,5
2078,6
2079,3
2080,0
2081,2
2082,3
2083,4
2084,2
2085,3
2086,0
2087,4
2088,9
2089,4
2090,7
2091,2
2092,1
2093,4
2094,7
2095,0
2096,6
2097,0
2098,8
2099,3
2100,2
2101,3
2102,5
2103,7
2104,3
2105,0
2106,5
2107,2
2108,4
2109,3
2110,8
2111,2
2112,5
2113,5
2114,7
2115,6
2116,4
2117,0
2118,8
2119,4
2120,8
2121,2
2122,7
2123,4
2124,4
2125,2
2126,0
2127,3
2128,2
2129,9
2130,2
2131,7
2132,2
2133,5
2134,1
2135,1
2136,1
2137,3
2138,3
2139,6
2140,7
2141,8
2142,7
2143,6
2144,4
2145,8
2146,9
2147,4
2148,8
2149,6
2150,5
2151,3
2152,3
2153,1
2154,0
2155,6
2156,2
2157,2
2158,5
2159,6
2160,9
2161,5
2162,8
2163,1
2164,4
2165,1
2166,7
2167,2
2168,4
2169,6
2170,1
2171,8
2172,4
2173,3
2174,1
2175,2
2176,3
2177,0
2178,8
2179,5
2180,4
2181,2
2182,4
2183,2
2184,5
2185,0
2186,7
2187,0
2188,1
2189,0
2190,2
2191,3
2192,7
2193,6
2194,7
2195,9
2196,6
2197,2
2198,6
2199,6
2200,4
2201,9
2202,3
2203,5
2204,4
2205,4
2206,5
2207,3
2208,0
2209,6
2210,8
2211,4
2212,8
2213,5
2214,6
2215,4
2216,0
2217,4
2218,8
2219,7
2220,1
2221,3
2222,4
2223,8
2224,4
2225,0
2226,4
2227,1
2228,3
2229,3
2230,6
2231,9
2232,9
2233,7
2234,1
2235,0
2236,8
2237,7
2238,1
2239,7
2240,5
2241,2
2242,7
2243,9
2244,1
2245,8
2246,5
2247,2
2248,4
2249,9
2250,4
2251,7
2252,2
2253,2
2254,3
2255,4
2256,4
2257,1
2258,4
2259,2
2260,1
2261,7
2262,4
2263,4
2264,4
2265,6
2266,6
2267,7
2268,2
2269,7
2270,8
2271,0
2272,1
2273,9
2274,7
2275,1
2276,1
2277,7
2278,5
2279,3
2280,3
2281,8
2282,1
2283,3
2284,7
2285,6
2286,1
2287,3
2288,8
2289,7
2290,3
2291,4
2292,6
2293,0
2294,0
2295,2
2296,8
2297,8
2298,7
2299,9
2300,7
2301,1
2302,3
2303,0
2304,3
2305,4
2306,4
2307,3
2308,5
2309,4
2310,2
2311,5
2312,7
2313,7
2314,1
2315,1
2316,7
2317,0
2318,4
2319,9
2320,6
2321,3
2322,4
2323,1
2324,2
2325,0
2326,2
2327,0
2328,0
2329,4
2330,6
2331,7
2332,0
2333,9
2334,1
2335,4
2336,6
2337,4
2338,7
2339,4
2340,9
2341,4
2342,1
2343,7
2344,9
2345,5
2346,5
2347,3
2348,8
2349,2
2350,0
2351,6
2352,2
2353,2
2354,1
2355,1
2356,1
2357,3
2358,1
2359,4
2360,4
2361,8
2362,4
2363,3
2364,7
2365,1
2366,6
2367,4
2368,4
2369,0
2370,4
2371,7
2372,4
2373,2
2374,4
2375,0
2376,7
2377,0
2378,1
2379,6
2380,9
2381,8
2382,6
2383,0
2384,0
2385,4
2386,1
2387,6
2388,8
2389,2
2390,2
2391,3
2392,3
2393,4
2394,5
2395,2
2396,2
2397,1
2398,7
2399,5
2400,4
2401,4
2402,0
2403,4
2404,3
2405,1
2406,7
2407,3
2408,1
2409,0
2410,1
2411,2
2412,5
2413,9
2414,2
2415,1
2416,0
2417,1
2418,3
2419,9
2420,1
2421,2
2422,8
2423,3
2424,2
2425,4
2426,3
2427,6
2428,2
2429,3
2430,3
2431,2
2432,1
2433,1
2434,0
2435,4
2436,2
2437,9
2438,3
2439,4
2440,3
2441,7
2442,9
2443,1
2444,7
2445,2
2446,9
2447,4
2448,5
2449,3
2450,8
2451,3
2452,3
2453,6
2454,0
2455,9
2456,4
2457,6
2458,2
2459,4
2460,0
2461,2
2462,7
2463,4
2464,6
2465,4
2466,8
2467,6
2468,6
2469,8
2470,6
2471,9
2472,1
2473,7
2474,2
2475,5
2476,4
2477,9
2478,0
2479,7
2480,2
2481,7
2482,6
2483,7
2484,0
2485,6
2486,5
2487,6
2488,4
2489,7
2490,2
2491,0
2492,9
2493,4
2494,2
2495,2
2496,9
2497,4
2498,4
2499,2
2500,3
2501,3
2502,2
2503,1
2504,7
2505,0
2506,7
2507,2
2508,4
2509,1
2510,5
2511,3
2512,7
2513,4
2514,0
2515,9
2516,2
2517,5
2518,1
2519,3
2520,7
2521,3
2522,7
2523,1
2524,5
2525,3
2526,0
2527,4
2528,1
2529,4
2530,0
2531,5
2532,3
2533,5
2534,6
2535,0
2536,4
2537,4
2538,9
2539,0
2540,1
2541,0
2542,8
2543,7
2544,5
2545,5
2546,7
2547,9
2548,3
2549,3
2550,3
2551,8
2552,1
2553,5
2554,3
2555,9
2556,0
2557,5
2558,3
2559,3
2560,8
2561,6
2562,7
2563,7
2564,7
2565,3
2566,7
2567,0
2568,5
2569,9
2570,5
2571,2
2572,5
2573,5
2574,3
2575,1
2576,7
2577,1
2578,8
2579,6
2580,5
2581,5
2582,3
2583,8
2584,9
2585,5
2586,3
2587,7
2588,9
2589,1
2590,7
2591,0
2592,0
2593,3
2594,7
2595,2
2596,5
2597,2
2598,1
2599,8
2600,6
2601,2
2602,9
2603,3
2604,7
2605,5
2606,1
2607,3
2608,6
2609,8
2610,5
2611,1
2612,4
2613,8
2614,4
2615,5
2616,7
2617,5
2618,0
2619,6
2620,2
2621,7
2622,3
2623,3
2624,2
2625,1
2626,0
2627,7
2628,3
2629,4
2630,6
2631,3
2632,9
2633,3
2634,2
2635,5
2636,4
2637,0
2638,3
2639,8
2640,0
2641,7
2642,6
2643,5
2644,4
2645,7
2646,3
2647,5
2648,0
2649,5
2650,6
2651,2
2652,5
2653,6
2654,1
2655,0
2656,0
2657,4
2658,4
2659,0
2660,1
2661,2
2662,2
2663,7
2664,7
2665,8
2666,5
2667,2
2668,2
2669,7
2670,6
2671,9
2672,1
2673,4
2674,1
2675,6
2676,4
2677,2
2678,4
2679,3
2680,5
2681,4
2682,7
2683,9
2684,5
2685,0
2686,1
2687,5
2688,3
2689,3
2690,9
2691,1
2692,7
2693,7
2694,4
2695,5
2696,5
2697,2
2698,7
2699,4
2700,6
2701,0
2702,1
2703,1
2704,1
2705,0
2706,4
2707,4
2708,7
2709,6
2710,3
2711,0
2712,0
2713,9
2714,3
2715,0
2716,6
2717,1
2718,9
2719,4
2720,1
2721,3
2722,5
2723,1
2724,2
2725,5
2726,6
2727,2
2728,5
2729,5
2730,6
2731,0
2732,1
2733,4
2734,7
2735,6
2736,6
2737,3
2738,9
2739,2
2740,7
2741,5
2742,8
2743,3
2744,1
2745,0
2746,0
2747,7
2748,6
2749,6
2750,2
2751,1
2752,6
2753,9
2754,3
2755,1
2756,5
2757,6
2758,9
2759,6
2760,6
2761,0
2762,0
2763,0
2764,6
2765,3
2766,5
2767,9
2768,6
2769,9
2770,5
2771,5
2772,8
2773,5
2774,3
2775,0
2776,4
2777,0
2778,8
2779,9
2780,6
2781,3
2782,2
2783,3
2784,1
2785,2
2786,1
2787,1
2788,5
2789,6
2790,4
2791,5
2792,5
2793,6
2794,6
2795,5
2796,5
2797,3
2798,8
2799,6
2800,2
2801,1
2802,4
2803,5
2804,4
2805,3
2806,7
2807,8
2808,3
2809,0
2810,4
2811,3
2812,5
2813,1
2814,1
2815,0
2816,4
2817,4
2818,4
2819,0
2820,1
2821,7
2822,0
2823,1
2824,6
2825,1
2826,4
2827,5
2828,6
2829,6
2830,5
2831,7
2832,8
2833,4
2834,4
2835,7
2836,2
2837,3
2838,3
2839,7
2840,0
2841,7
2842,7
2843,9
2844,6
2845,4
2846,8
2847,8
2848,5
2849,7
2850,3
2851,3
2852,9
2853,5
2854,8
2855,9
2856,9
2857,8
2858,6
2859,2
2860,8
2861,9
2862,2
2863,3
2864,4
2865,1
2866,1
2867,5
2868,4
2869,5
2870,4
2871,0
2872,7
2873,9
2874,6
2875,4
2876,1
2877,4
2878,1
2879,3
2880,4
2881,9
2882,3
2883,1
2884,4
2885,7
2886,7
2887,4
2888,7
2889,2
2890,4
2891,3
2892,0
2893,8
2894,5
2895,5
2896,4
2897,0
2898,4
2899,4
2900,1
2901,5
2902,2
2903,8
2904,3
2905,4
2906,4
2907,5
2908,2
2909,8
2910,1
2911,5
2912,8
2913,7
2914,9
2915,4
2916,2
2917,2
2918,4
2919,3
2920,5
2921,9
2922,3
2923,5
2924,4
2925,2
2926,1
2927,4
2928,5
2929,3
2930,0
2931,6
2932,9
2933,8
2934,4
2935,0
2936,4
2937,7
2938,2
2939,9
2940,0
2941,1
2942,0
2943,7
2944,1
2945,6
2946,5
2947,8
2948,1
2949,5
2950,3
2951,5
2952,0
2953,3
2954,3
2955,5
2956,9
2957,2
2958,8
2959,7
2960,0
2961,4
2962,4
2963,1
2964,7
2965,7
2966,7
2967,5
2968,7
2969,2
2970,0
2971,4
2972,1
2973,0
2974,6
2975,3
2976,3
2977,9
2978,6
2979,2
2980,1
2981,4
2982,1
2983,5
2984,5
2985,5
2986,0
2987,3
2988,8
2989,3
2990,3
2991,7
2992,6
2993,4
2994,0
2995,1
2996,4
2997,0
2998,6
2999,9
3000,3
3001,1
3002,2
3003,1
3004,4
3005,5
3006,4
3007,7
3008,3
3009,7
3010,8
3011,0
3012,1
3013,3
3014,0
3015,4
3016,6
3017,1
3018,0
3019,8
3020,5
3021,3
3022,4
3023,4
3024,1
3025,1
3026,5
3027,4
3028,4
3029,6
3030,0
3031,6
3032,9
3033,2
3034,6
3035,2
3036,7
3037,1
3038,7
3039,9
3040,4
3041,0
3042,0
3043,3
3044,2
3045,2
3046,2
3047,3
3048,1
3049,6
3050,0
3051,5
3052,7
3053,7
3054,5
3055,2
3056,6
3057,7
3058,7
3059,7
3060,8
3061,6
3062,8
3063,4
3064,4
3065,6
3066,8
3067,4
3068,1
3069,2
3070,3
3071,2
3072,3
3073,4
3074,4
3075,0
3076,1
3077,7
3078,3
3079,2
3080,3
3081,3
3082,7
3083,3
3084,4
3085,0
3086,6
3087,2
3088,5
3089,8
3090,1
3091,5
3092,3
3093,5
3094,4
3095,1
3096,7
3097,1
3098,5
3099,7
3100,5
3101,7
3102,3
3103,2
3104,3
3105,7
3106,5
3107,7
3108,3
3109,7
3110,8
3111,5
3112,6
3113,5
3114,2
3115,5
3116,6
3117,5
3118,3
3119,6
3120,4
3121,4
3122,1
3123,7
3124,1
3125,5
3126,2
3127,3
3128,0
3129,5
3130,3
3131,4
3132,2
3133,6
3134,9
3135,4
3136,0
3137,8
3138,0
3139,6
3140,2
3141,1
3142,6
3143,4
3144,5
3145,4
3146,1
3147,4
3148,3
3149,1
3150,1
3151,8
3152,4
3153,4
3154,6
3155,7
3156,8
3157,6
3158,4
3159,7
3160,7
3161,8
3162,6
3163,9
3164,1
3165,5
3166,4
3167,4
3168,0
3169,5
3170,4
3171,6
3172,4
3173,1
3174,7
3175,3
3176,0
3177,0
3178,2
3179,6
3180,6
3181,5
3182,7
3183,0
3184,8
3185,6
3186,4
3187,7
3188,4
3189,0
3190,7
3191,8
3192,4
3193,2
3194,1
3195,8
3196,8
3197,5
3198,9
3199,2
3200,9
3201,1
3202,8
3203,3
3204,8
3205,2
3206,7
3207,6
3208,0
3209,1
3210,2
3211,7
3212,1
3213,0
3214,8
3215,3
3216,6
3217,0
3218,5
3219,3
3220,4
3221,2
3222,8
3223,1
3224,0
3225,1
3226,4
3227,2
3228,1
3229,1
3230,4
3231,4
3232,4
3233,4
3234,7
3235,1
3236,6
3237,2
3238,3
3239,4
3240,0
3241,0
3242,1
3243,8
3244,3
3245,4
3246,3
3247,4
3248,2
3249,0
3250,6
3251,1
3252,5
3253,1
3254,2
3255,2
3256,2
3257,1
3258,2
3259,3
3260,5
3261,8
3262,1
3263,0
3264,5
3265,2
3266,1
3267,0
3268,6
3269,0
3270,1
3271,6
3272,2
3273,5
3274,1
3275,7
3276,4
3277,8
3278,2
3279,1
3280,4
3281,3
3282,8
3283,3
3284,9
3285,9
3286,4
3287,8
3288,3
3289,4
3290,7
3291,2
3292,7
3293,0
3294,7
3295,0
3296,4
3297,3
3298,3
3299,2
3300,4
3301,7
3302,6
3303,6
3304,0
3305,6
3306,7
3307,7
3308,0
3309,5
3310,5
3311,8
3312,1
3313,0
3314,7
3315,0
3316,2
3317,8
3318,1
3319,5
3320,5
3321,3
3322,8
3323,0
3324,3
3325,2
3326,7
3327,8
3328,3
3329,6
3330,4
3331,7
3332,5
3333,5
3334,5
3335,2
3336,4
3337,2
3338,8
3339,4
3340,6
3341,8
3342,5
3343,5
3344,0
3345,0
3346,8
3347,7
3348,6
3349,1
3350,7
3351,1
3352,1
3353,2
3354,7
3355,4
3356,0
3357,0
3358,7
3359,7
3360,6
3361,3
3362,8
3363,6
3364,4
3365,2
3366,0
3367,9
3368,4
3369,0
3370,5
3371,7
3372,8
3373,2
3374,7
3375,4
3376,7
3377,1
3378,1
3379,8
3380,6
3381,6
3382,6
3383,4
3384,1
3385,9
3386,4
3387,8
3388,3
3389,6
3390,9
3391,5
3392,6
3393,6
3394,2
3395,4
3396,6
3397,7
3398,7
3399,0
3400,6
3401,6
3402,4
3403,4
3404,8
3405,3
3406,3
3407,3
3408,4
3409,9
3410,0
3411,0
3412,3
3413,2
3414,5
3415,0
3416,7
3417,1
3418,1
3419,1
3420,6
3421,7
3422,6
3423,7
3424,9
3425,6
3426,6
3427,9
3428,1
3429,4
3430,5
3431,1
3432,1
3433,2
3434,2
3435,9
3436,1
3437,0
3438,3
3439,7
3440,6
3441,3
3442,4
3443,0
3444,0
3445,6
3446,3
3447,3
3448,0
3449,7
3450,1
3451,7
3452,1
3453,1
3454,3
3455,1
3456,0
3457,9
3458,4
3459,7
3460,5
3461,4
3462,1
3463,4
3464,5
3465,9
3466,4
3467,3
3468,5
3469,1
3470,4
3471,5
3472,2
3473,7
3474,3
3475,9
3476,4
3477,0
3478,1
3479,0
3480,2
3481,9
3482,3
3483,4
3484,3
3485,3
3486,6
3487,2
3488,4
3489,4
3490,3
3491,3
3492,7
3493,4
3494,0
3495,4
3496,7
3497,8
3498,4
3499,4
3500,8
3501,1
3502,9
3503,7
3504,6
3505,4
3506,2
3507,3
3508,2
3509,2
3510,0
3511,2
3512,2
3513,3
3514,5
3515,4
3516,6
3517,3
3518,4
3519,8
3520,2
3521,4
3522,6
3523,7
3524,9
3525,3
3526,3
3527,9
3528,4
3529,3
3530,1
3531,4
3532,8
3533,7
3534,0
3535,5
3536,9
3537,6
3538,0
3539,4
3540,4
3541,4
3542,4
3543,6
3544,1
3545,6
3546,3
3547,8
3548,0
3549,4
3550,5
3551,9
3552,6
3553,8
3554,5
3555,6
3556,0
3557,5
3558,6
3559,4
3560,1
3561,3
3562,6
3563,5
3564,2
3565,5
3566,4
3567,5
3568,5
3569,4
3570,7
3571,4
3572,5
3573,4
3574,2
3575,2
3576,2
3577,3
3578,1
3579,0
3580,1
3581,8
3582,0
3583,7
3584,1
3585,9
3586,8
3587,7
3588,5
3589,5
3590,4
3591,1
3592,7
3593,5
3594,4
3595,3
3596,4
3597,2
3598,2
3599,6
3600,6
3601,6
3602,4
3603,1
3604,1
3605,4
3606,0
3607,7
3608,4
3609,2
3610,4
3611,0
3612,6
3613,4
3614,7
3615,6
3616,7
3617,5
3618,3
3619,4
3620,6
3621,5
3622,0
3623,1
3624,8
3625,8
3626,2
3627,5
3628,3
3629,5
3630,7
3631,8
3632,0
3633,8
3634,5
3635,7
3636,1
3637,1
3638,0
3639,1
3640,3
3641,7
3642,8
3643,5
3644,5
3645,7
3646,1
3647,1
3648,0
3649,1
3650,1
3651,4
3652,5
3653,2
3654,9
3655,6
3656,2
3657,3
3658,0
3659,2
3660,0
3661,5
3662,4
3663,6
3664,9
3665,7
3666,2
3667,1
3668,3
3669,6
3670,4
3671,1
3672,8
3673,2
3674,4
3675,0
3676,5
3677,1
3678,0
3679,3
3680,2
3681,6
3682,4
3683,4
3684,3
3685,9
3686,6
3687,1
3688,6
3689,5
3690,7
3691,4
3692,2
3693,0
3694,2
3695,6
3696,5
3697,1
3698,4
3699,3
3700,5
3701,2
3702,8
3703,2
3704,0
3705,8
3706,8
3707,7
3708,0
3709,4
3710,6
3711,7
3712,6
3713,3
3714,3
3715,3
3716,4
3717,7
3718,7
3719,7
3720,4
3721,4
3722,0
3723,2
3724,9
3725,2
3726,4
3727,2
3728,7
3729,2
3730,8
3731,1
3732,0
3733,0
3734,7
3735,8
3736,3
3737,5
3738,3
3739,1
3740,3
3741,7
3742,6
3743,1
3744,3
3745,1
3746,6
3747,6
3748,7
3749,1
3750,4
3751,7
3752,5
3753,4
3754,5
3755,5
3756,4
3757,4
3758,9
3759,1
3760,6
3761,7
3762,7
3763,1
3764,3
3765,2
3766,0
3767,9
3768,4
3769,3
3770,2
3771,2
3772,0
3773,2
3774,8
3775,1
3776,2
3777,1
3778,6
3779,8
3780,8
3781,4
3782,1
3783,2
3784,1
3785,3
3786,5
3787,1
3788,0
3789,4
3790,4
3791,4
3792,8
3793,4
3794,3
3795,5
3796,9
3797,7
3798,5
3799,0
3800,2
3801,0
3802,0
3803,0
3804,4
3805,8
3806,1
3807,1
3808,5
3809,8
3810,3
3811,8
3812,5
3813,1
3814,8
3815,2
3816,4
3817,4
3818,4
3819,4
3820,6
3821,2
3822,4
3823,3
3824,5
3825,6
3826,4
3827,8
3828,0
3829,9
3830,2
3831,8
3832,3
3833,6
3834,7
3835,5
3836,1
3837,2
3838,9
3839,4
3840,4
3841,1
3842,2
3843,8
3844,6
3845,0
3846,8
3847,0
3848,4
3849,1
3850,1
3851,0
3852,7
3853,5
3854,4
3855,7
3856,1
3857,9
3858,5
3859,9
3860,2
3861,5
3862,0
3863,4
3864,1
3865,0
3866,8
3867,4
3868,0
3869,8
3870,9
3871,8
3872,9
3873,4
3874,3
3875,5
3876,7
3877,4
3878,8
3879,4
3880,8
3881,0
3882,6
3883,9
3884,6
3885,3
3886,4
3887,9
3888,5
3889,9
3890,8
3891,6
3892,1
3893,0
3894,3
3895,3
3896,5
3897,2
3898,1
3899,6
3900,5
3901,0
3902,2
3903,8
3904,3
3905,5
3906,6
3907,2
3908,3
3909,0
3910,4
3911,2
3912,6
3913,4
3914,3
3915,5
3916,5
3917,1
3918,7
3919,2
3920,1
3921,6
3922,4
3923,1
3924,3
3925,4
3926,5
3927,5
3928,1
3929,6
3930,2
3931,2
3932,8
3933,6
3934,7
3935,1
3936,4
3937,6
3938,0
3939,6
3940,0
3941,5
3942,3
3943,2
3944,2
3945,3
3946,6
3947,3
3948,4
3949,8
3950,5
3951,3
3952,8
3953,5
3954,4
3955,5
3956,2
3957,0
3958,5
3959,6
3960,5
3961,2
3962,8
3963,3
3964,4
3965,9
3966,5
3967,7
3968,9
3969,4
3970,6
3971,7
3972,1
3973,3
3974,1
3975,5
3976,6
3977,6
3978,0
3979,4
3980,0
3981,1
3982,9
3983,4
3984,2
3985,8
3986,8
3987,0
3988,1
3989,6
3990,4
3991,7
3992,5
3993,5
3994,4
3995,7
3996,4
3997,4
3998,4
3999,4
4000,3
4001,6
4002,3
4003,1
4004,1
4005,4
4006,6
4007,9
4008,1
4009,3
4010,4
4011,1
4012,1
4013,8
4014,9
4015,4
4016,8
4017,6
4018,8
4019,1
4020,6
4021,0
4022,4
4023,1
4024,3
4025,7
4026,7
4027,4
4028,9
4029,5
4030,1
4031,0
4032,0
4033,1
4034,1
4035,6
4036,2
4037,1
4038,9
4039,3
4040,4
4041,7
4042,3
4043,6
4044,4
4045,9
4046,0
4047,7
4048,1
4049,6
4050,5
4051,7
4052,5
4053,2
4054,5
4055,1
4056,3
4057,5
4058,4
4059,7
4060,0
4061,5
4062,7
4063,2
4064,2
4065,5
4066,3
4067,1
4068,0
4069,4
4070,5
4071,7
4072,1
4073,3
4074,5
4075,1
4076,2
4077,0
4078,0
4079,6
4080,0
4081,7
4082,3
4083,1
4084,8
4085,3
4086,4
4087,7
4088,0
4089,0
4090,8
4091,4
4092,5
4093,4
4094,5
4095,3
4096,2
4097,7
4098,2
4099,9
4100,7
4101,2
4102,1
4103,1
4104,3
4105,7
4106,5
4107,3
4108,1
4109,6
4110,8
4111,2
4112,2
4113,2
4114,8
4115,8
4116,5
4117,7
4118,3
4119,3
4120,4
4121,8
4122,3
4123,6
4124,8
4125,2
4126,3
4127,7
4128,7
4129,5
4130,6
4131,2
4132,9
4133,5
4134,8
4135,8
4136,1
4137,6
4138,4
4139,8
4140,7
4141,9
4142,1
4143,5
4144,5
4145,1
4146,7
4147,2
4148,0
4149,7
4150,5
4151,1
4152,4
4153,0
4154,2
4155,0
4156,9
4157,2
4158,6
4159,2
4160,3
4161,5
4162,3
4163,5
4164,0
4165,2
4166,1
4167,1
4168,1
4169,1
4170,4
4171,2
4172,9
4173,7
4174,6
4175,4
4176,1
4177,1
4178,3
4179,1
4180,4
4181,4
4182,9
4183,1
4184,0
4185,2
4186,0
4187,2
4188,1
4189,1
4190,4
4191,4
4192,9
4193,1
4194,5
4195,4
4196,4
4197,5
4198,7
4199,7
4200,5
4201,6
4202,2
4203,2
4204,2
4205,3
4206,0
4207,6
4208,9
4209,5
4210,3
4211,9
4212,7
4213,7
4214,1
4215,4
4216,8
4217,5
4218,3
4219,4
4220,3
4221,4
4222,7
4223,7
4224,5
4225,0
4226,7
4227,4
4228,2
4229,8
4230,1
4231,5
4232,3
4233,4
4234,5
4235,4
4236,4
4237,6
4238,4
4239,0
4240,3
4241,6
4242,5
4243,4
4244,8
4245,2
4246,2
4247,1
4248,2
4249,8
4250,6
4251,8
4252,5
4253,5
4254,3
4255,4
4256,4
4257,9
4258,2
4259,5
4260,1
4261,5
4262,1
4263,9
4264,4
4265,1
4266,4
4267,4
4268,3
4269,5
4270,4
4271,1
4272,2
4273,2
4274,5
4275,3
4276,0
4277,2
4278,9
4279,0
4280,0
4281,4
4282,5
4283,6
4284,0
4285,9
4286,3
4287,7
4288,3
4289,4
4290,1
4291,4
4292,7
4293,7
4294,2
4295,1
4296,4
4297,9
4298,8
4299,4
4300,5
4301,1
4302,1
4303,8
4304,7
4305,5
4306,1
4307,9
4308,5
4309,3
4310,5
4311,7
4312,9
4313,4
4314,9
4315,3
4316,1
4317,4
4318,0
4319,5
4320,7
4321,5
4322,4
4323,9
4324,2
4325,0
4326,1
4327,0
4328,5
4329,1
4330,4
4331,4
4332,3
4333,3
4334,6
4335,1
4336,5
4337,2
4338,5
4339,6
4340,2
4341,0
4342,4
4343,2
4344,6
4345,6
4346,0
4347,1
4348,3
4349,0
4350,3
4351,0
4352,2
4353,5
4354,8
4355,7
4356,9
4357,5
4358,5
4359,0
4360,8
4361,4
4362,5
4363,0
4364,3
4365,2
4366,5
4367,4
4368,6
4369,8
4370,8
4371,4
4372,0
4373,8
4374,8
4375,4
4376,5
4377,4
4378,5
4379,3
4380,9
4381,9
4382,2
4383,2
4384,1
4385,2
4386,6
4387,8
4388,8
4389,7
4390,0
4391,3
4392,6
4393,6
4394,4
4395,5
4396,8
4397,8
4398,7
4399,2
4400,2
4401,0
4402,0
4403,4
4404,3
4405,9
4406,4
4407,1
4408,9
4409,8
4410,6
4411,6
4412,4
4413,2
4414,6
4415,4
4416,2
4417,8
4418,5
4419,4
4420,5
4421,3
4422,9
4423,9
4424,9
4425,2
4426,1
4427,3
4428,3
4429,4
4430,0
4431,4
4432,8
4433,7
4434,9
4435,3
4436,5
4437,6
4438,5
4439,6
4440,2
4441,3
4442,4
4443,2
4444,6
4445,0
4446,0
4447,0
4448,1
4449,3
4450,8
4451,7
4452,3
4453,0
4454,2
4455,0
4456,7
4457,7
4458,5
4459,0
4460,5
4461,6
4462,4
4463,6
4464,7
4465,4
4466,3
4467,0
4468,7
4469,5
4470,0
4471,7
4472,4
4473,2
4474,6
4475,8
4476,5
4477,5
4478,4
4479,2
4480,4
4481,6
4482,7
4483,8
4484,8
4485,6
4486,8
4487,4
4488,1
4489,3
4490,7
4491,3
4492,0
4493,8
4494,7
4495,4
4496,6
4497,1
4498,3
4499,9
4500,2
4501,3
4502,4
4503,2
4504,1
4505,8
4506,3
4507,2
4508,4
4509,6
4510,8
4511,4
4512,0
4513,1
4514,2
4515,8
4516,9
4517,5
4518,7
4519,7
4520,8
4521,1
4522,1
4523,3
4524,0
4525,3
4526,5
4527,7
4528,0
4529,3
4530,1
4531,9
4532,3
4533,6
4534,3
4535,1
4536,7
4537,8
4538,3
4539,0
4540,8
4541,4
4542,3
4543,2
4544,4
4545,0
4546,2
4547,4
4548,7
4549,3
4550,9
4551,0
4552,4
4553,9
4554,6
4555,4
4556,2
4557,4
4558,7
4559,2
4560,1
4561,1
4562,6
4563,7
4564,9
4565,7
4566,5
4567,4
4568,2
4569,8
4570,2
4571,1
4572,4
4573,4
4574,5
4575,7
4576,6
4577,1
4578,3
4579,2
4580,5
4581,5
4582,4
4583,3
4584,6
4585,1
4586,1
4587,4
4588,6
4589,4
4590,7
4591,2
4592,1
4593,5
4594,1
4595,4
4596,6
4597,3
4598,4
4599,1
4600,1
4601,0
4602,8
4603,1
4604,6
4605,8
4606,4
4607,9
4608,0
4609,7
4610,3
4611,0
4612,4
4613,4
4614,0
4615,0
4616,6
4617,6
4618,3
4619,6
4620,7
4621,7
4622,2
4623,8
4624,6
4625,0
4626,8
4627,5
4628,0
4629,2
4630,4
4631,8
4632,3
4633,2
4634,5
4635,3
4636,9
4637,8
4638,0
4639,0
4640,1
4641,9
4642,5
4643,1
4644,3
4645,9
4646,6
4647,0
4648,1
4649,4
4650,1
4651,7
4652,1
4653,2
4654,3
4655,7
4656,4
4657,7
4658,4
4659,4
4660,9
4661,3
4662,4
4663,2
4664,8
4665,2
4666,7
4667,1
4668,5
4669,0
4670,4
4671,1
4672,0
4673,1
4674,7
4675,7
4676,4
4677,6
4678,9
4679,4
4680,7
4681,2
4682,1
4683,6
4684,1
4685,3
4686,5
4687,9
4688,1
4689,5
4690,7
4691,6
4692,4
4693,5
4694,7
4695,6
4696,1
4697,9
4698,4
4699,2
4700,3
4701,6
4702,2
4703,4
4704,8
4705,1
4706,3
4707,2
4708,5
4709,5
4710,2
4711,3
4712,7
4713,2
4714,1
4715,0
4716,1
4717,0
4718,4
4719,5
4720,2
4721,8
4722,2
4723,3
4724,3
4725,5
4726,1
4727,7
4728,8
4729,1
4730,1
4731,2
4732,4
4733,7
4734,8
4735,4
4736,0
4737,5
4738,0
4739,7
4740,8
4741,8
4742,4
4743,7
4744,7
4745,8
4746,5
4747,3
4748,4
4749,9
4750,8
4751,1
4752,3
4753,3
4754,0
4755,3
4756,1
4757,7
4758,9
4759,5
4760,6
4761,1
4762,6
4763,5
4764,7
4765,4
4766,7
4767,3
4768,5
4769,4
4770,7
4771,1
4772,2
4773,0
4774,8
4775,1
4776,6
4777,0
4778,7
4779,3
4780,4
4781,7
4782,8
4783,9
4784,6
4785,5
4786,8
4787,6
4788,4
4789,8
4790,7
4791,7
4792,9
4793,3
4794,8
4795,6
4796,4
4797,7
4798,2
4799,3
4800,4
4801,0
4802,2
4803,1
4804,5
4805,5
4806,5
4807,5
4808,7
4809,2
4810,4
4811,0
4812,7
4813,6
4814,8
4815,3
4816,0
4817,8
4818,7
4819,3
4820,4
4821,0
4822,4
4823,4
4824,7
4825,5
4826,3
4827,5
4828,6
4829,6
4830,8
4831,0
4832,9
4833,5
4834,1
4835,5
4836,8
4837,4
4838,3
4839,4
4840,9
4841,5
4842,8
4843,4
4844,1
4845,3
4846,8
4847,8
4848,6
4849,2
4850,1
4851,3
4852,7
4853,7
4854,5
4855,1
4856,1
4857,4
4858,7
4859,0
4860,7
4861,1
4862,7
4863,4
4864,5
4865,7
4866,1
4867,2
4868,1
4869,1
4870,3
4871,6
4872,6
4873,2
4874,1
4875,2
4876,4
4877,0
4878,7
4879,6
4880,6
4881,9
4882,8
4883,1
4884,0
4885,7
4886,2
4887,6
4888,0
4889,5
4890,4
4891,3
4892,8
4893,4
4894,6
4895,6
4896,2
4897,7
4898,9
4899,5
4900,1
4901,3
4902,2
4903,4
4904,5
4905,6
4906,1
4907,4
4908,9
4909,4
4910,7
4911,6
4912,5
4913,4
4914,1
4915,4
4916,9
4917,2
4918,7
4919,8
4920,0
4921,1
4922,3
4923,6
4924,1
4925,8
4926,4
4927,1
4928,1
4929,1
4930,5
4931,6
4932,0
4933,7
4934,0
4935,7
4936,2
4937,3
4938,3
4939,3
4940,4
4941,2
4942,4
4943,4
4944,9
4945,3
4946,1
4947,0
4948,1
4949,6
4950,1
4951,2
4952,7
4953,4
4954,0
4955,0
4956,0
4957,8
4958,2
4959,2
4960,4
4961,2
4962,2
4963,9
4964,4
4965,9
4966,2
4967,7
4968,3
4969,1
4970,3
4971,4
4972,4
4973,4
4974,1
4975,8
4976,5
4977,6
4978,3
4979,8
4980,3
4981,1
4982,2
4983,8
4984,4
4985,4
4986,9
4987,8
4988,7
4989,0
4990,7
4991,7
4992,2
4993,3
4994,3
4995,9
4996,0
4997,3
4998,4
4999,4
5000,8
5001,4
5002,1
5003,0
5004,6
5005,0
5006,9
5007,6
5008,5
5009,6
5010,1
5011,1
5012,4
5013,8
5014,4
5015,2
5016,3
5017,5
5018,5
5019,9
5020,4
5021,2
5022,1
5023,4
5024,4
5025,3
5026,9
5027,6
5028,0
5029,4
5030,0
5031,6
5032,0
5033,1
5034,2
5035,3
5036,4
5037,7
5038,8
5039,9
5040,0
5041,1
5042,2
5043,3
5044,4
5045,9
5046,8
5047,9
5048,0
5049,1
5050,2
5051,3
5052,4
5053,5
5054,6
5055,7
5056,8
5057,4
5058,8
5059,8
5060,4
5061,7
5062,8
5063,6
5064,8
5065,4
5066,0
5067,9
5068,7
5069,1
5070,9
5071,3
5072,5
5073,4
5074,7
5075,8
5076,0
5077,4
5078,1
5079,4
5080,5
5081,4
5082,6
5083,2
5084,0
5085,6
5086,8
5087,1
5088,1
5089,1
5090,1
5091,7
5092,2
5093,4
5094,7
5095,5
5096,2
5097,4
5098,4
5099,0
5100,8
5101,4
5102,2
5103,9
5104,7
5105,0
5106,0
5107,7
5108,5
5109,1
5110,1
5111,7
5112,6
5113,6
5114,6
5115,3
5116,2
5117,2
5118,7
5119,7
5120,4
5121,0
5122,2
5123,4
5124,2
5125,1
5126,8
5127,9
5128,6
5129,1
5130,0
5131,5
5132,4
5133,6
5134,9
5135,5
5136,0
5137,2
5138,0
5139,8
5140,3
5141,9
5142,6
5143,8
5144,0
5145,1
5146,2
5147,3
5148,4
5149,5
5150,6
5151,7
5152,0
5153,1
5154,2
5155,3
5156,9
5157,5
5158,6
5159,7
5160,8
5161,5
5162,0
5163,1
5164,2
5165,3
5166,4
5167,5
5168,6
5169,7
5170,8
5171,5
5172,4
5173,4
5174,7
5175,4
5176,7
5177,7
5178,3
5179,9
5180,4
5181,8
5182,3
5183,1
5184,5
5185,8
5186,2
5187,7
5188,4
5189,2
5190,1
5191,5
5192,4
5193,5
5194,5
5195,8
5196,4
5197,4
5198,4
5199,4
5200,1
5201,8
5202,7
5203,0
5204,5
5205,1
5206,5
5207,5
5208,1
5209,8
5210,6
5211,3
5212,3
5213,2
5214,2
5215,6
5216,9
5217,9
5218,6
5219,5
5220,5
5221,3
5222,3
5223,8
5224,1
5225,6
5226,5
5227,6
5228,8
5229,1
5230,9
5231,7
5232,6
5233,8
5234,3
5235,7
5236,4
5237,7
5238,0
5239,9
5240,0
5241,0
5242,3
5243,1
5244,9
5245,3
5246,0
5247,2
5248,0
5249,1
5250,0
5251,1
5252,0
5253,4
5254,0
5255,1
5256,0
5257,4
5258,7
5259,9
5260,6
5261,2
5262,6
5263,2
5264,2
5265,9
5266,9
5267,0
5268,1
5269,2
5270,3
5271,4
5272,5
5273,6
5274,7
5275,8
5276,9
5277,0
5278,1
5279,2
5280,3
5281,4
5282,5
5283,6
5284,7
5285,8
5286,9
5287,0
5288,1
5289,2
5290,3
5291,4
5292,5
5293,6
5294,7
5295,0
5296,9
5297,8
5298,0
5299,5
5300,6
5301,6
5302,0
5303,8
5304,0
5305,2
5306,3
5307,7
5308,9
5309,4
5310,7
5311,1
5312,9
5313,1
5314,7
5315,1
5316,4
5317,0
5318,0
5319,4
5320,1
5321,7
5322,5
5323,7
5324,1
5325,3
5326,3
5327,3
5328,5
5329,6
5330,5
5331,7
5332,4
5333,3
5334,0
5335,2
5336,5
5337,2
5338,6
5339,0
5340,8
5341,9
5342,4
5343,3
5344,5
5345,4
5346,8
5347,1
5348,5
5349,9
5350,0
5351,6
5352,4
5353,3
5354,6
5355,3
5356,3
5357,9
5358,1
5359,4
5360,7
5361,5
5362,7
5363,2
5364,2
5365,0
5366,0
5367,1
5368,7
5369,7
5370,9
5371,5
5372,9
5373,8
5374,9
5375,6
5376,9
5377,9
5378,2
5379,3
5380,6
5381,1
5382,2
5383,9
5384,8
5385,9
5386,5
5387,2
5388,6
5389,2
5390,4
5391,9
5392,4
5393,6
5394,3
5395,0
5396,1
5397,5
5398,6
5399,7
5400,8
5401,9
5402,0
5403,1
5404,2
5405,3
5406,2
5407,5
5408,6
5409,7
5410,3
5411,9
5412,0
5413,1
5414,2
5415,8
5416,4
5417,5
5418,6
5419,7
5420,8
5421,4
5422,7
5423,4
5424,2
5425,0
5426,9
5427,0
5428,1
5429,5
5430,8
5431,8
5432,0
5433,2
5434,7
5435,8
5436,4
5437,4
5438,6
5439,1
5440,0
5441,4
5442,0
5443,3
5444,9
5445,4
5446,2
5447,0
5448,5
5449,0
5450,1
5451,3
5452,2
5453,9
5454,6
5455,6
5456,0
5457,1
5458,1
5459,8
5460,0
5461,4
5462,7
5463,7
5464,6
5465,3
5466,6
5467,0
5468,7
5469,3
5470,5
5471,4
5472,2
5473,4
5474,1
5475,8
5476,3
5477,5
5478,6
5479,7
5480,0
5481,6
5482,7
5483,1
5484,2
5485,3
5486,8
5487,1
5488,9
5489,8
5490,8
5491,2
5492,3
5493,7
5494,6
5495,7
5496,1
5497,4
5498,6
5499,2
5500,9
5501,3
5502,0
5503,1
5504,2
5505,3
5506,4
5507,3
5508,6
5509,7
5510,0
5511,1
5512,2
5513,3
5514,4
5515,3
5516,0
5517,1
5518,2
5519,8
5520,9
5521,1
5522,4
5523,5
5524,9
5525,5
5526,0
5527,8
5528,0
5529,9
5530,7
5531,1
5532,1
5533,2
5534,9
5535,3
5536,6
5537,7
5538,2
5539,3
5540,8
5541,1
5542,2
5543,9
5544,8
5545,8
5546,7
5547,1
5548,7
5549,1
5550,1
5551,0
5552,3
5553,4
5554,6
5555,4
5556,7
5557,4
5558,3
5559,7
5560,4
5561,9
5562,1
5563,0
5564,6
5565,8
5566,5
5567,3
5568,5
5569,3
5570,5
5571,9
5572,7
5573,4
5574,8
5575,5
5576,9
5577,6
5578,9
5579,3
5580,0
5581,3
5582,8
5583,9
5584,1
5585,8
5586,1
5587,6
5588,0
5589,0
5590,1
5591,2
5592,3
5593,4
5594,5
5595,6
5596,7
5597,4
5598,9
5599,0
5600,1
5601,2
5602,3
5603,4
5604,5
5605,6
5606,7
5607,5
5608,9
5609,0
5610,1
5611,3
5612,3
5613,4
5614,5
5615,6
5616,7
5617,8
5618,9
5619,5
5620,5
5621,3
5622,2
5623,4
5624,3
5625,2
5626,1
5627,6
5628,5
5629,5
5630,3
5631,3
5632,2
5633,1
5634,3
5635,4
5636,7
5637,2
5638,5
5639,2
5640,8
5641,9
5642,1
5643,8
5644,8
5645,9
5646,8
5647,1
5648,0
5649,6
5650,7
5651,7
5652,8
5653,7
5654,5
5655,0
5656,6
5657,1
5658,5
5659,7
5660,4
5661,6
5662,1
5663,3
5664,5
5665,0
5666,7
5667,9
5668,9
5669,0
5670,3
5671,8
5672,4
5673,6
5674,5
5675,1
5676,8
5677,6
5678,5
5679,4
5680,0
5681,0
5682,0
5683,3
5684,7
5685,1
5686,6
5687,6
5688,2
5689,6
5690,6
5691,0
5692,4
5693,5
5694,4
5695,1
5696,3
5697,8
5698,6
5699,3
5700,4
5701,4
5702,0
5703,9
5704,3
5705,7
5706,8
5707,5
5708,6
5709,4
5710,9
5711,6
5712,2
5713,2
5714,0
5715,5
5716,4
5717,0
5718,1
5719,2
5720,3
5721,4
5722,5
5723,6
5724,7
5725,8
5726,9
5727,0
5728,1
5729,2
5730,9
5731,5
5732,6
5733,0
5734,1
5735,2
5736,3
5737,4
5738,5
5739,6
5740,8
5741,7
5742,1
5743,3
5744,2
5745,8
5746,0
5747,7
5748,5
5749,9
5750,5
5751,6
5752,0
5753,7
5754,4
5755,1
5756,3
5757,2
5758,1
5759,2
5760,3
5761,8
5762,3
5763,2
5764,6
5765,5
5766,6
5767,8
5768,2
5769,7
5770,4
5771,8
5772,1
5773,8
5774,0
5775,3
5776,3
5777,9
5778,4
5779,1
5780,9
5781,2
5782,1
5783,4
5784,6
5785,7
5786,9
5787,0
5788,4
5789,6
5790,1
5791,7
5792,3
5793,8
5794,7
5795,2
5796,9
5797,6
5798,5
5799,8
5800,3
5801,9
5802,0
5803,5
5804,7
5805,1
5806,6
5807,1
5808,0
5809,9
5810,3
5811,3
5812,4
5813,4
5814,0
5815,6
5816,2
5817,5
5818,4
5819,2
5820,4
5821,4
5822,6
5823,0
5824,0
5825,2
5826,0
5827,1
5828,4
5829,5
5830,6
5831,9
5832,3
5833,4
5834,0
5835,1
5836,2
5837,2
5838,4
5839,2
5840,6
5841,7
5842,8
5843,0
5844,1
5845,2
5846,3
5847,4
5848,5
5849,6
5850,7
5851,8
5852,9
5853,3
5854,9
5855,1
5856,3
5857,7
5858,3
5859,2
5860,8
5861,0
5862,7
5863,3
5864,9
5865,4
5866,0
5867,4
5868,1
5869,1
5870,3
5871,8
5872,8
5873,6
5874,3
5875,2
5876,1
5877,8
5878,3
5879,2
5880,6
5881,3
5882,6
5883,7
5884,4
5885,1
5886,5
5887,3
5888,3
5889,1
5890,4
5891,2
5892,1
5893,9
5894,6
5895,0
5896,4
5897,6
5898,1
5899,7
5900,3
5901,8
5902,7
5903,2
5904,4
5905,6
5906,3
5907,8
5908,3
5909,0
5910,7
5911,1
5912,6
5913,1
5914,0
5915,9
5916,6
5917,2
5918,5
5919,4
5920,2
5921,3
5922,4
5923,4
5924,6
5925,0
5926,0
5927,2
5928,0
5929,1
5930,2
5931,3
5932,9
5933,3
5934,6
5935,7
5936,8
5937,4
5938,0
5939,1
5940,2
5941,3
5942,4
5943,3
5944,6
5945,7
5946,8
5947,9
5948,0
5949,1
5950,2
5951,3
5952,4
5953,3
5954,6
5955,7
5956,8
5957,7
5958,8
5959,6
5960,3
5961,0
5962,6
5963,8
5964,4
5965,4
5966,1
5967,9
5968,3
5969,9
5970,0
5971,4
5972,8
5973,4
5974,1
5975,4
5976,0
5977,9
5978,3
5979,2
5980,1
5981,3
5982,4
5983,0
5984,7
5985,6
5986,0
5987,1
5988,7
5989,0
5990,6
5991,8
5992,4
5993,9
5994,1
5995,7
5996,4
5997,8
5998,6
5999,0
6000,8
6001,1
6002,7
6003,7
6004,1
6005,3
6006,2
6007,3
6008,1
6009,4
6010,2
6011,0
6012,0
6013,7
6014,8
6015,4
6016,6
6017,4
6018,4
6019,3
6020,3
6021,4
6022,7
6023,8
6024,5
6025,6
6026,3
6027,6
6028,4
6029,6
6030,3
6031,0
6032,2
6033,4
6034,6
6035,9
6036,0
6037,2
6038,3
6039,3
6040,1
6041,3
6042,3
6043,9
6044,7
6045,8
6046,7
6047,2
6048,2
6049,5
6050,7
6051,4
6052,8
6053,2
6054,1
6055,2
6056,1
6057,3
6058,0
6059,1
6060,2
6061,8
6062,4
6063,8
6064,6
6065,7
6066,8
6067,8
6068,0
6069,1
6070,2
6071,3
6072,4
6073,5
6074,6
6075,7
6076,2
6077,0
6078,0
6079,1
6080,2
6081,3
6082,4
6083,5
6084,6
6085,7
6086,8
6087,0
6088,1
6089,2
6090,6
6091,5
6092,8
6093,0
6094,7
6095,0
6096,4
6097,1
6098,4
6099,3
6100,6
6101,7
6102,2
6103,3
6104,1
6105,2
6106,1
6107,2
6108,0
6109,6
6110,0
6111,1
6112,3
6113,0
6114,2
6115,7
6116,5
6117,7
6118,6
6119,2
6120,8
6121,1
6122,8
6123,0
6124,6
6125,0
6126,6
6127,0
6128,2
6129,0
6130,6
6131,1
6132,5
6133,8
6134,4
6135,3
6136,0
6137,1
6138,5
6139,4
6140,4
6141,8
6142,5
6143,7
6144,5
6145,7
6146,8
6147,3
6148,9
6149,8
6150,8
6151,5
6152,2
6153,0
6154,7
6155,1
6156,8
6157,2
6158,1
6159,0
6160,7
6161,8
6162,0
6163,6
6164,0
6165,4
6166,7
6167,7
6168,0
6169,0
6170,5
6171,4
6172,4
6173,8
6174,8
6175,6
6176,2
6177,0
6178,1
6179,2
6180,8
6181,4
6182,5
6183,6
6184,7
6185,3
6186,9
6187,0
6188,1
6189,2
6190,3
6191,4
6192,5
6193,6
6194,7
6195,3
6196,9
6197,0
6198,1
6199,2
6200,3
6201,4
6202,5
6203,6
6204,7
6205,8
6206,9
6207,0
6208,3
6209,3
6210,9
6211,5
6212,5
6213,2
6214,6
6215,8
6216,4
6217,9
6218,1
6219,7
6220,1
6221,2
6222,3
6223,5
6224,4
6225,6
6226,9
6227,1
6228,1
6229,1
6230,2
6231,9
6232,5
6233,6
6234,3
6235,1
6236,2
6237,0
6238,7
6239,7
6240,5
6241,8
6242,2
6243,9
6244,8
6245,9
6246,0
6247,4
6248,6
6249,7
6250,1
6251,3
6252,4
6253,5
6254,6
6255,0
6256,3
6257,6
6258,8
6259,7
6260,0
6261,4
6262,2
6263,7
6264,4
6265,7
6266,5
6267,4
6268,3
6269,4
6270,2
6271,8
6272,1
6273,5
6274,1
6275,2
6276,0
6277,2
6278,5
6279,6
6280,4
6281,3
6282,0
6283,0
6284,0
6285,3
6286,3
6287,5
6288,7
6289,0
6290,6
6291,4
6292,8
6293,3
6294,6
6295,3
6296,4
6297,6
6298,9
6299,9
6300,8
6301,2
6302,7
6303,7
6304,1
6305,0
6306,1
6307,2
6308,3
6309,4
6310,3
6311,6
6312,7
6313,8
6314,9
6315,0
6316,1
6317,2
6318,3
6319,4
6320,6
6321,6
6322,7
6323,8
6324,0
6325,1
6326,2
6327,3
6328,4
6329,5
6330,6
6331,7
6332,8
6333,2
6334,1
6335,7
6336,2
6337,0
6338,0
6339,8
6340,6
6341,2
6342,7
6343,6
6344,8
6345,3
6346,6
6347,0
6348,2
6349,7
6350,6
6351,6
6352,1
6353,2
6354,8
6355,8
6356,7
6357,7
6358,4
6359,7
6360,7
6361,3
6362,7
6363,4
6364,5
6365,4
6366,3
6367,3
6368,8
6369,4
6370,1
6371,1
6372,9
6373,7
6374,4
6375,3
6376,7
6377,3
6378,3
6379,5
6380,2
6381,3
6382,0
6383,6
6384,6
6385,3
6386,2
6387,2
6388,4
6389,9
6390,9
6391,8
6392,4
6393,1
6394,0
6395,6
6396,4
6397,9
6398,2
6399,3
6400,8
6401,5
6402,6
6403,1
6404,1
6405,4
6406,8
6407,9
6408,2
6409,3
6410,5
6411,5
6412,4
6413,4
6414,2
6415,1
6416,9
6417,2
6418,9
6419,2
6420,0
6421,2
6422,2
6423,4
6424,6
6425,0
6426,1
6427,2
6428,8
6429,4
6430,9
6431,8
6432,9
6433,0
6434,1
6435,2
6436,3
6437,7
6438,8
6439,9
6440,0
6441,1
6442,2
6443,3
6444,4
6445,7
6446,8
6447,9
6448,7
6449,3
6450,0
6451,3
6452,1
6453,8
6454,9
6455,6
6456,4
6457,0
6458,2
6459,6
6460,8
6461,3
6462,2
6463,8
6464,1
6465,2
6466,0
6467,9
6468,1
6469,0
6470,4
6471,4
6472,5
6473,8
6474,0
6475,6
6476,6
6477,3
6478,1
6479,5
6480,1
6481,8
6482,5
6483,9
6484,4
6485,0
6486,7
6487,5
6488,0
6489,8
6490,3
6491,9
6492,9
6493,2
6494,6
6495,2
6496,5
6497,3
6498,1
6499,7
6500,3
6501,0
6502,1
6503,9
6504,9
6505,6
6506,0
6507,3
6508,9
6509,2
6510,8
6511,1
6512,4
6513,3
6514,5
6515,2
6516,9
6517,2
6518,5
6519,9
6520,9
6521,5
6522,0
6523,1
6524,2
6525,4
6526,5
6527,4
6528,7
6529,1
6530,2
6531,3
6532,4
6533,5
6534,6
6535,7
6536,1
6537,2
6538,5
6539,4
6540,5
6541,1
6542,0
6543,4
6544,0
6545,6
6546,6
6547,3
6548,4
6549,4
6550,5
6551,7
6552,1
6553,0
6554,5
6555,4
6556,4
6557,1
6558,2
6559,5
6560,9
6561,4
6562,2
6563,0
6564,4
6565,5
6566,3
6567,5
6568,1
6569,5
6570,4
6571,5
6572,7
6573,1
6574,8
6575,4
6576,0
6577,2
6578,4
6579,0
6580,2
6581,4
6582,7
6583,8
6584,0
6585,7
6586,0
6587,6
6588,4
6589,5
6590,2
6591,8
6592,2
6593,7
6594,6
6595,9
6596,5
6597,1
6598,0
6599,9
6600,1
6601,6
6602,7
6603,2
6604,4
6605,7
6606,5
6607,5
6608,8
6609,4
6610,2
6611,6
6612,2
6613,8
6614,1
6615,7
6616,5
6617,5
6618,1
6619,1
6620,5
6621,4
6622,4
6623,9
6624,1
6625,8
6626,6
6627,8
6628,5
6629,0
6630,1
6631,2
6632,5
6633,4
6634,5
6635,6
6636,7
6637,5
6638,9
6639,0
6640,1
6641,2
6642,3
6643,4
6644,7
6645,8
6646,4
6647,4
6648,1
6649,7
6650,8
6651,9
6652,9
6653,5
6654,4
6655,8
6656,4
6657,1
6658,0
6659,7
6660,8
6661,3
6662,7
6663,6
6664,0
6665,6
6666,1
6667,9
6668,0
6669,1
6670,7
6671,6
6672,3
6673,2
6674,1
6675,7
6676,1
6677,3
6678,4
6679,1
6680,7
6681,6
6682,5
6683,4
6684,1
6685,4
6686,3
6687,0
6688,9
6689,6
6690,1
6691,4
6692,4
6693,7
6694,2
6695,4
6696,4
6697,0
6698,1
6699,2
6700,8
6701,4
6702,5
6703,6
6704,7
6705,0
6706,9
6707,0
6708,1
6709,2
6710,3
6711,4
6712,5
6713,6
6714,9
6715,0
6716,1
6717,2
6718,8
6719,4
6720,7
6721,0
6722,1
6723,3
6724,0
6725,1
6726,9
6727,7
6728,2
6729,1
6730,4
6731,9
6732,3
6733,4
6734,4
6735,8
6736,9
6737,9
6738,4
6739,1
6740,2
6741,3
6742,4
6743,9
6744,1
6745,6
6746,0
6747,1
6748,0
6749,0
6750,2
6751,8
6752,7
6753,1
6754,1
6755,4
6756,0
6757,4
6758,8
6759,8
6760,6
6761,5
6762,0
6763,3
6764,8
6765,4
6766,0
6767,6
6768,9
6769,2
6770,6
6771,5
6772,6
6773,6
6774,9
6775,0
6776,4
6777,0
6778,6
6779,1
6780,9
6781,4
6782,0
6783,9
6784,5
6785,1
6786,8
6787,9
6788,6
6789,9
6790,8
6791,0
6792,2
6793,2
6794,0
6795,1
6796,2
6797,3
6798,7
6799,3
6800,6
6801,7
6802,8
6803,9
6804,0
6805,1
6806,2
6807,3
6808,4
6809,5
6810,4
6811,7
6812,3
6813,4
6814,8
6815,1
6816,2
6817,3
6818,4
6819,5
6820,6
6821,7
6822,8
6823,4
6824,2
6825,1
6826,7
6827,2
6828,3
6829,0
6830,8
6831,0
6832,2
6833,7
6834,3
6835,3
6836,3
6837,0
6838,6
6839,0
6840,2
6841,7
6842,6
6843,4
6844,1
6845,2
6846,8
6847,8
6848,7
6849,7
6850,4
6851,7
6852,7
6853,3
6854,7
6855,4
6856,5
6857,4
6858,3
6859,3
6860,3
6861,4
6862,5
6863,4
6864,1
6865,1
6866,4
6867,7
6868,4
6869,3
6870,7
6871,3
6872,3
6873,0
6874,2
6875,5
6876,5
6877,6
6878,3
6879,6
6880,5
6881,2
6882,5
6883,4
6884,9
6885,8
6886,4
6887,1
6888,0
6889,6
6890,0
6891,7
6892,6
6893,8
6894,8
6895,5
6896,6
6897,1
6898,1
6899,9
6900,8
6901,9
6902,6
6903,3
6904,5
6905,5
6906,9
6907,4
6908,2
6909,1
6910,9
6911,4
6912,9
6913,1
6914,3
6915,9
6916,2
6917,0
6918,6
6919,2
6920,4
6921,0
6922,4
6923,0
6924,1
6925,2
6926,3
6927,4
6928,5
6929,6
6930,7
6931,8
6932,9
6933,0
6934,1
6935,2
6936,3
6937,4
6938,5
6939,6
6940,7
6941,9
6942,9
6943,0
6944,1
6945,2
6946,8
6947,4
6948,5
6949,6
6950,7
6951,8
6952,9
6953,3
6954,8
6955,0
6956,7
6957,1
6958,0
6959,7
6960,5
6961,5
6962,6
6963,9
6964,0
6965,1
6966,0
6967,0
6968,8
6969,3
6970,4
6971,8
6972,1
6973,5
6974,0
6975,0
6976,9
6977,5
6978,3
6979,4
6980,9
6981,3
6982,7
6983,6
6984,9
6985,2
6986,4
6987,5
6988,7
6989,2
6990,6
6991,4
6992,9
6993,9
6994,9
6995,4
6996,1
6997,2
6998,8
6999,5
7000,8
7001,1
7002,3
7003,2
7004,9
7005,4
7006,8
7007,8
7008,2
7009,2
7010,1
7011,2
7012,8
7013,6
7014,5
7015,1
7016,6
7017,7
7018,2
7019,1
7020,3
7021,9
7022,3
7023,8
7024,7
7025,5
7026,7
7027,0
7028,7
7029,4
7030,8
7031,5
7032,5
7033,0
7034,6
7035,6
7036,3
7037,7
7038,6
7039,9
7040,9
7041,4
7042,8
7043,4
7044,1
7045,0
7046,6
7047,6
7048,0
7049,1
7050,2
7051,3
7052,4
7053,5
7054,6
7055,7
7056,8
7057,9
7058,0
7059,1
7060,2
7061,3
7062,4
7063,5
7064,6
7065,7
7066,8
7067,9
7068,0
7069,1
7070,2
7071,3
7072,4
7073,5
7074,6
7075,7
7076,8
7077,9
7078,7
7079,4
7080,0
7081,4
7082,0
7083,1
7084,7
7085,4
7086,5
7087,1
7088,4
7089,2
7090,9
7091,9
7092,4
7093,8
7094,7
7095,8
7096,2
7097,4
7098,4
7099,3
7100,3
7101,6
7102,9
7103,9
7104,5
7105,8
7106,6
7107,7
7108,0
7109,6
7110,8
7111,2
7112,6
7113,8
7114,9
7115,3
7116,2
7117,9
7118,6
7119,1
7120,7
7121,4
7122,8
7123,8
7124,9
7125,0
7126,3
7127,3
7128,9
7129,0
7130,5
7131,2
7132,9
7133,4
7134,1
7135,0
7136,3
7137,7
7138,5
7139,9
7140,7
7141,7
7142,8
7143,2
7144,9
7145,7
7146,1
7147,2
7148,6
7149,4
7150,2
7151,5
7152,2
7153,3
7154,6
7155,6
7156,5
7157,0
7158,0
7159,2
7160,8
7161,1
7162,6
7163,1
7164,0
7165,4
7166,8
7167,1
7168,6
7169,1
7170,9
7171,0
7172,1
7173,4
7174,5
7175,6
7176,7
7177,3
7178,9
7179,1
7180,2
7181,3
7182,4
7183,5
7184,6
7185,7
7186,0
7187,1
7188,2
7189,3
7190,4
7191,5
7192,6
7193,7
7194,3
7195,7
7196,8
7197,4
7198,0
7199,0
7200,7
7201,2
7202,4
7203,3
7204,3
7205,6
7206,6
7207,3
7208,4
7209,4
7210,3
7211,3
7212,6
7213,1
7214,4
7215,7
7216,8
7217,0
7218,3
7219,1
7220,9
7221,0
7222,1
7223,4
7224,1
7225,4
7226,7
7227,0
7228,1
7229,3
7230,0
7231,4
7232,9
7233,2
7234,9
7235,6
7236,5
7237,5
7238,9
7239,9
7240,8
7241,2
7242,7
7243,1
7244,3
7245,2
7246,3
7247,4
7248,3
7249,1
7250,9
7251,0
7252,9
7253,3
7254,6
7255,8
7256,7
7257,0
7258,1
7259,0
7260,5
7261,8
7262,2
7263,7
7264,9
7265,0
7266,1
7267,2
7268,3
7269,4
7270,5
7271,6
7272,7
7273,8
7274,9
7275,0
7276,1
7277,2
7278,3
7279,4
7280,5
7281,6
7282,7
7283,8
7284,9
7285,0
7286,1
7287,2
7288,8
7289,4
7290,5
7291,6
7292,7
7293,8
7294,9
7295,1
7296,7
7297,4
7298,8
7299,1
7300,5
7301,6
7302,5
7303,7
7304,2
7305,8
7306,6
7307,3
7308,3
7309,8
7310,6
7311,5
7312,4
7313,0
7314,9
7315,1
7316,9
7317,2
7318,9
7319,1
7320,5
7321,1
7322,3
7323,2
7324,2
7325,3
7326,0
7327,6
7328,4
7329,8
7330,7
7331,6
7332,9
7333,0
7334,4
7335,8
7336,1
7337,4
7338,0
7339,6
7340,1
7341,2
7342,6
7343,9
7344,2
7345,2
7346,3
7347,5
7348,5
7349,1
7350,6
7351,7
7352,7
7353,9
7354,6
7355,2
7356,9
7357,4
7358,7
7359,0
7360,2
7361,3
7362,4
7363,0
7364,0
7365,8
7366,8
7367,8
7368,5
7369,1
7370,8
7371,7
7372,4
7373,9
7374,8
7375,8
7376,9
7377,0
7378,9
7379,8
7380,9
7381,0
7382,2
7383,6
7384,5
7385,6
7386,7
7387,4
7388,7
7389,5
7390,9
7391,1
7392,8
7393,5
7394,3
7395,1
7396,2
7397,3
7398,4
7399,8
7400,6
7401,1
7402,2
7403,3
7404,4
7405,6
7406,0
7407,1
7408,0
7409,4
7410,5
7411,6
7412,7
7413,8
7414,1
7415,7
7416,2
7417,4
7418,1
7419,4
7420,1
7421,4
7422,4
7423,6
7424,8
7425,4
7426,5
7427,3
7428,1
7429,5
7430,4
7431,8
7432,8
7433,5
7434,6
7435,7
7436,0
7437,6
7438,1
7439,6
7440,3
7441,7
7442,0
7443,1
7444,0
7445,0
7446,8
7447,5
7448,0
7449,1
7450,5
7451,8
7452,4
7453,2
7454,3
7455,5
7456,7
7457,6
7458,5
7459,1
7460,9
7461,0
7462,6
7463,7
7464,1
7465,4
7466,3
7467,9
7468,4
7469,4
7470,5
7471,5
7472,3
7473,7
7474,5
7475,5
7476,1
7477,8
7478,2
7479,2
7480,3
7481,0
7482,2
7483,4
7484,4
7485,9
7486,7
7487,0
7488,8
7489,7
7490,4
7491,9
7492,9
7493,2
7494,5
7495,9
7496,3
7497,3
7498,8
7499,6
7500,7
7501,0
7502,0
7503,1
7504,2
7505,3
7506,4
7507,0
7508,6
7509,7
7510,8
7511,9
7512,0
7513,1
7514,2
7515,8
7516,4
7517,5
7518,6
7519,7
7520,8
7521,9
7522,0
7523,1
7524,2
7525,5
7526,4
7527,5
7528,6
7529,7
7530,8
7531,9
7532,0
7533,0
7534,9
7535,8
7536,6
7537,5
7538,5
7539,8
7540,7
7541,8
7542,6
7543,6
7544,6
7545,6
7546,4
7547,3
7548,3
7549,3
7550,3
7551,0
7552,1
7553,9
7554,0
7555,5
7556,4
7557,1
7558,9
7559,1
7560,2
7561,7
7562,0
7563,1
7564,8
7565,8
7566,2
7567,4
7568,2
7569,7
7570,4
7571,2
7572,6
7573,5
7574,5
7575,4
7576,9
7577,1
7578,1
7579,5
7580,7
7581,6
7582,8
7583,3
7584,9
7585,4
7586,3
7587,1
7588,4
7589,0
7590,9
7591,8
7592,6
7593,5
7594,7
7595,0
7596,1
7597,0
7598,5
7599,8
7600,2
7601,7
7602,7
7603,0
7604,1
7605,2
7606,5
7607,4
7608,5
7609,6
7610,7
7611,8
7612,9
7613,0
7614,1
7615,8
7616,3
7617,4
7618,5
7619,8
7620,4
7621,0
7622,1
7623,2
7624,3
7625,4
7626,5
7627,6
7628,7
7629,8
7630,9
7631,2
7632,1
7633,6
7634,1
7635,3
7636,9
7637,4
7638,8
7639,5
7640,5
7641,7
7642,0
7643,7
7644,7
7645,5
7646,7
7647,9
7648,9
7649,4
7650,7
7651,0
7652,3
7653,4
7654,1
7655,5
7656,8
7657,1
7658,4
7659,8
7660,4
7661,1
7662,8
7663,6
7664,6
7665,4
7666,6
7667,0
7668,5
7669,5
7670,3
7671,3
7672,5
7673,7
7674,2
7675,5
7676,9
7677,6
7678,9
7679,2
7680,6
7681,2
7682,1
7683,0
7684,0
7685,3
7686,3
7687,8
7688,3
7689,0
7690,9
7691,7
7692,4
7693,9
7694,5
7695,0
7696,9
7697,7
7698,0
7699,0
7700,4
7701,6
7702,0
7703,9
7704,1
7705,6
7706,2
7707,7
7708,6
7709,8
7710,5
7711,5
7712,2
7713,1
7714,8
7715,3
7716,3
7717,6
7718,1
7719,0
7720,2
7721,1
7722,4
7723,0
7724,1
7725,2
7726,3
7727,4
7728,5
7729,6
7730,7
7731,8
7732,9
7733,0
7734,1
7735,2
7736,3
7737,4
7738,5
7739,6
7740,7
7741,8
7742,9
7743,0
7744,1
7745,2
7746,3
7747,4
7748,5
7749,6
7750,7
7751,8
7752,9
7753,7
7754,6
7755,4
7756,7
7757,6
7758,2
7759,3
7760,4
7761,8
7762,7
7763,3
7764,6
7765,9
7766,3
7767,3
7768,2
7769,2
7770,8
7771,4
7772,8
7773,3
7774,6
7775,5
7776,0
7777,2
7778,0
7779,1
7780,1
7781,2
7782,9
7783,6
7784,8
7785,2
7786,1
7787,0
7788,6
7789,5
7790,2
7791,9
7792,7
7793,6
7794,3
7795,9
7796,3
7797,7
7798,1
7799,8
7800,3
7801,8
7802,1
7803,9
7804,5
7805,5
7806,0
7807,1
7808,1
7809,9
7810,8
7811,2
7812,6
7813,0
7814,4
7815,5
7816,0
7817,2
7818,1
7819,3
7820,6
7821,7
7822,5
7823,9
7824,9
7825,3
7826,0
7827,3
7828,1
7829,4
7830,4
7831,0
7832,4
7833,9
7834,0
7835,1
7836,2
7837,3
7838,0
7839,6
7840,7
7841,8
7842,0
7843,1
7844,2
7845,8
7846,4
7847,6
7848,7
7849,8
7850,9
7851,0
7852,1
7853,2
7854,8
7855,5
7856,6
7857,7
7858,8
7859,9
7860,9
7861,7
7862,0
7863,9
7864,0
7865,1
7866,5
7867,8
7868,8
7869,0
7870,9
7871,8
7872,4
7873,9
7874,8
7875,4
7876,6
7877,1
7878,0
7879,4
7880,9
7881,4
7882,4
7883,0
7884,5
7885,0
7886,1
7887,6
7888,9
7889,3
7890,8
7891,9
7892,1
7893,6
7894,0
7895,9
7896,1
7897,8
7898,8
7899,7
7900,6
7901,2
7902,6
7903,0
7904,7
7905,2
7906,4
7907,1
7908,7
7909,0
7910,6
7911,8
7912,1
7913,4
7914,5
7915,8
7916,1
7917,8
7918,4
7919,8
7920,7
7921,6
7922,8
7923,8
7924,1
7925,6
7926,2
7927,9
7928,3
7929,0
7930,1
7931,2
7932,3
7933,4
7934,5
7935,6
7936,7
7937,8
7938,9
7939,0
7940,1
7941,4
7942,3
7943,4
7944,5
7945,6
7946,7
7947,8
7948,9
7949,0
7950,1
7951,2
7952,3
7953,4
7954,5
7955,6
7956,7
7957,8
7958,9
7959,8
7960,9
7961,5
7962,7
7963,0
7964,3
7965,1
7966,6
7967,8
7968,4
7969,1
7970,5
7971,6
7972,4
7973,2
7974,7
7975,8
7976,1
7977,3
7978,9
7979,3
7980,4
7981,7
7982,2
7983,0
7984,5
7985,0
7986,1
7987,7
7988,2
7989,3
7990,2
7991,3
7992,5
7993,5
7994,7
7995,8
7996,4
7997,9
7998,9
7999,7
8000,1
8001,1
8002,9
8003,0
8004,7
8005,8
8006,3
8007,4
8008,8
8009,6
8010,3
8011,8
8012,0
8013,9
8014,6
8015,2
8016,3
8017,0
8018,1
8019,0
8020,6
8021,2
8022,3
8023,8
8024,9
8025,0
8026,7
8027,2
8028,3
8029,4
8030,5
8031,5
8032,2
8033,8
8034,5
8035,4
8036,6
8037,6
8038,6
8039,7
8040,9
8041,1
8042,8
8043,2
8044,1
8045,5
8046,3
8047,4
8048,7
8049,9
8050,4
8051,0
8052,0
8053,0
8054,1
8055,2
8056,3
8057,4
8058,5
8059,6
8060,8
8061,8
8062,9
8063,0
8064,1
8065,2
8066,3
8067,9
8068,5
8069,6
8070,7
8071,8
8072,9
8073,0
8074,1
8075,2
8076,3
8077,6
8078,5
8079,6
8080,9
8081,0
8082,1
8083,8
8084,1
8085,5
8086,1
8087,2
8088,4
8089,9
8090,3
8091,6
8092,6
8093,8
8094,0
8095,1
8096,1
8097,9
8098,2
8099,6
8100,6
8101,8
8102,7
8103,4
8104,2
8105,9
8106,7
8107,0
8108,2
8109,1
8110,0
8111,8
8112,6
8113,0
8114,1
8115,2
8116,8
8117,4
8118,5
8119,6
8120,7
8121,8
8122,9
8123,0
8124,1
8125,2
8126,3
8127,4
8128,5
8129,6
8130,7
8131,8
8132,9
8133,0
8134,1
8135,2
8136,3
8137,4
8138,5
8139,6
8140,7
8141,8
8142,9
8143,8
8144,6
8145,5
8146,9
8147,7
8148,0
8149,2
8150,3
8151,4
8152,5
8153,8
8154,5
8155,1
8156,5
8157,2
8158,3
8159,0
8160,1
8161,2
8162,1
8163,3
8164,2
8165,6
8166,5
8167,3
8168,0
8169,7
8170,2
8171,7
8172,4
8173,6
8174,4
8175,0
8176,5
8177,9
8178,0
8179,5
8180,9
8181,5
8182,3
8183,1
8184,7
8185,4
8186,7
8187,6
8188,5
8189,4
8190,0
8191,0
8192,6
8193,6
8194,4
8195,0
8196,6
8197,3
8198,7
8199,7
8200,4
8201,4
8202,3
8203,9
8204,2
8205,3
8206,4
8207,6
8208,0
8209,9
8210,5
8211,3
8212,8
8213,8
8214,7
8215,1
8216,4
8217,0
8218,4
8219,8
8220,5
8221,2
8222,3
8223,9
8224,0
8225,1
8226,4
8227,1
8228,5
8229,1
8230,7
8231,4
8232,5
8233,6
8234,2
8235,1
8236,6
8237,5
8238,3
8239,0
8240,1
8241,8
8242,9
8243,4
8244,7
8245,8
8246,9
8247,0
8248,1
8249,2
8250,3
8251,4
8252,6
8253,7
8254,8
8255,5
8256,0
8257,1
8258,2
8259,5
8260,4
8261,7
8262,8
8263,7
8264,1
8265,4
8266,5
8267,3
8268,5
8269,0
8270,9
8271,5
8272,0
8273,5
8274,0
8275,5
8276,4
8277,6
8278,7
8279,0
8280,7
8281,7
8282,1
8283,6
8284,4
8285,1
8286,3
8287,6
8288,2
8289,5
8290,7
8291,2
8292,3
8293,8
8294,4
8295,5
8296,8
8297,8
8298,7
8299,1
8300,7
8301,1
8302,1
8303,0
8304,5
8305,4
8306,2
8307,6
8308,4
8309,7
8310,4
8311,2
8312,7
8313,4
8314,8
8315,4
8316,2
8317,7
8318,5
8319,2
8320,1
8321,6
8322,6
8323,5
8324,3
8325,4
8326,2
8327,5
8328,7
8329,6
8330,4
8331,0
8332,6
8333,3
8334,0
8335,4
8336,1
8337,6
8338,0
8339,0
8340,1
8341,2
8342,3
8343,4
8344,5
8345,6
8346,7
8347,0
8348,1
8349,2
8350,3
8351,4
8352,7
8353,8
8354,9
8355,0
8356,1
8357,2
8358,3
8359,4
8360,7
8361,2
8362,5
8363,1
8364,6
8365,4
8366,3
8367,5
8368,9
8369,0
8370,9
8371,7
8372,1
8373,6
8374,4
8375,3
8376,6
8377,2
8378,2
8379,9
8380,8
8381,6
8382,5
8383,7
8384,0
8385,0
8386,1
8387,7
8388,4
8389,3
8390,2
8391,4
8392,1
8393,3
8394,7
8395,6
8396,4
8397,7
8398,7
8399,7
8400,9
8401,8
8402,4
8403,3
8404,5
8405,2
8406,6
8407,3
8408,5
8409,5
8410,0
8411,5
8412,7
8413,7
8414,1
8415,3
8416,1
8417,7
8418,9
8419,6
8420,2
8421,0
8422,7
8423,1
8424,7
8425,3
8426,5
8427,7
8428,1
8429,6
8430,4
8431,2
8432,9
8433,8
8434,2
8435,1
8436,8
8437,6
8438,9
8439,1
8440,5
8441,5
8442,6
8443,5
8444,0
8445,1
8446,2
8447,3
8448,4
8449,5
8450,6
8451,7
8452,8
8453,9
8454,0
8455,1
8456,2
8457,3
8458,4
8459,5
8460,6
8461,7
8462,8
8463,9
8464,0
8465,1
8466,2
8467,3
8468,9
8469,5
8470,6
8471,7
8472,5
8473,8
8474,6
8475,9
8476,7
8477,0
8478,2
8479,3
8480,4
8481,3
8482,8
8483,0
8484,1
8485,3
8486,0
8487,1
8488,2
8489,1
8490,3
8491,2
8492,0
8493,7
8494,2
8495,6
8496,4
8497,0
8498,5
8499,9
8500,5
8501,8
8502,9
8503,5
8504,3
8505,1
8506,7
8507,4
8508,7
8509,0
8510,0
8511,6
8512,6
8513,6
8514,3
8515,7
8516,9
8517,2
8518,6
8519,9
8520,8
8521,7
8522,1
8523,4
8524,0
8525,4
8526,0
8527,5
8528,2
8529,3
8530,4
8531,0
8532,1
8533,9
8534,1
8535,5
8536,1
8537,7
8538,6
8539,1
8540,2
8541,1
8542,6
8543,8
8544,0
8545,1
8546,2
8547,3
8548,4
8549,5
8550,6
8551,7
8552,8
8553,4
8554,0
8555,1
8556,2
8557,3
8558,4
8559,5
8560,6
8561,7
8562,8
8563,0
8564,1
8565,2
8566,3
8567,5
8568,6
8569,7
8570,8
8571,1
8572,0
8573,4
8574,0
8575,6
8576,6
8577,3
8578,4
8579,4
8580,0
8581,8
8582,1
8583,0
8584,6
8585,4
8586,9
8587,7
8588,2
8589,9
8590,2
8591,0
8592,9
8593,3
8594,3
8595,4
8596,1
8597,5
8598,8
8599,3
8600,1
8601,6
8602,7
8603,3
8604,7
8605,8
8606,4
8607,0
8608,2
8609,4
8610,0
8611,2
8612,4
8613,7
8614,8
8615,0
8616,7
8617,0
8618,6
8619,9
8620,3
8621,2
8622,4
8623,8
8624,6
8625,0
8626,5
8627,7
8628,5
8629,1
8630,0
8631,8
8632,1
8633,6
8634,7
8635,2
8636,9
8637,7
8638,9
8639,5
8640,6
8641,5
8642,2
8643,6
8644,2
8645,8
8646,1
8647,7
8648,5
8649,5
8650,7
8651,3
8652,5
8653,0
8654,1
8655,1
8656,3
8657,8
8658,4
8659,4
8660,4
8661,5
8662,1
8663,8
8664,6
8665,8
8666,9
8667,0
8668,1
8669,2
8670,3
8671,4
8672,5
8673,6
8674,7
8675,8
8676,9
8677,0
8678,1
8679,2
8680,3
8681,4
8682,5
8683,6
8684,7
8685,8
8686,9
8687,0
8688,1
8689,2
8690,3
8691,4
8692,5
8693,6
8694,7
8695,8
8696,9
8697,3
8698,5
8699,3
8700,2
8701,9
8702,3
8703,2
8704,1
8705,4
8706,5
8707,5
8708,2
8709,3
8710,2
8711,1
8712,3
8713,9
8714,7
8715,2
8716,1
8717,2
8718,8
8719,9
8720,1
8721,8
8722,3
8723,7
8724,8
8725,1
8726,0
8727,0
8728,6
8729,7
8730,7
8731,8
8732,7
8733,5
8734,0
8735,6
8736,1
8737,5
8738,7
8739,4
8740,6
8741,1
8742,2
8743,5
8744,0
8745,7
8746,9
8747,9
8748,0
8749,3
8750,4
8751,4
8752,8
8753,4
8754,1
8755,8
8756,6
8757,5
8758,9
8759,0
8760,0
8761,0
8762,3
8763,7
8764,1
8765,6
8766,4
8767,6
8768,0
8769,4
8770,5
8771,4
8772,1
8773,3
8774,8
8775,6
8776,3
8777,9
8778,9
8779,5
8780,9
8781,3
8782,7
8783,8
8784,5
8785,6
8786,4
8787,7
8788,6
8789,2
8790,2
8791,0
8792,9
8793,4
8794,0
8795,1
8796,2
8797,3
8798,4
8799,5
8800,6
8801,7
8802,8
8803,9
8804,0
8805,1
8806,2
8807,3
8808,4
8809,5
8810,6
8811,7
8812,8
8813,9
8814,0
8815,1
8816,2
8817,3
8818,4
8819,5
8820,6
8821,7
8822,8
8823,9
8824,6
8825,4
8826,2
8827,6
8828,4
8829,7
8830,5
8831,5
8832,4
8833,7
8834,2
8835,9
8836,3
8837,9
8838,3
8839,8
8840,2
8841,0
8842,9
8843,5
8844,6
8845,0
8846,1
8847,0
8848,6
8849,5
8850,3
8851,5
8852,3
8853,8
8854,0
8855,0
8856,3
8857,4
8858,1
8859,5
8860,3
8861,0
8862,8
8863,3
8864,0
8865,6
8866,2
8867,7
8868,8
8869,1
8870,7
8871,1
8872,3
8873,8
8874,5
8875,4
8876,2
8877,0
8878,4
8879,7
8880,6
8881,7
8882,4
8883,1
8884,6
8885,0
8886,6
8887,7
8888,1
8889,9
8890,8
8891,0
8892,6
8893,9
8894,4
8895,9
8896,9
8897,6
8898,2
8899,3
8900,7
8901,1
8902,9
8903,2
8904,2
8905,5
8906,3
8907,7
8908,8
8909,0
8910,1
8911,2
8912,3
8913,4
8914,7
8915,8
8916,9
8917,0
8918,1
8919,2
8920,8
8921,4
8922,7
8923,8
8924,9
8925,0
8926,1
8927,7
8928,8
8929,9
8930,8
8931,9
8932,2
8933,6
8934,1
8935,8
8936,5
8937,4
8938,8
8939,2
8940,6
8941,4
8942,3
8943,4
8944,5
8945,9
8946,2
8947,0
8948,3
8949,9
8950,4
8951,9
8952,7
8953,3
8954,8
8955,7
8956,4
8957,4
8958,9
8959,8
8960,5
8961,8
8962,2
8963,6
8964,6
8965,2
8966,3
8967,1
8968,3
8969,2
8970,7
8971,0
8972,1
8973,9
8974,0
8975,1
8976,1
8977,8
8978,5
8979,0
8980,7
8981,8
8982,1
8983,5
8984,1
8985,4
8986,6
8987,0
8988,0
8989,4
8990,4
8991,1
8992,6
8993,6
8994,4
8995,0
8996,7
8997,6
8998,1
8999,1
9000,0
9001,1
9002,3
9003,8
9004,4
9005,2
9006,3
9007,8
9008,4
9009,5
9010,6
9011,2
9012,0
9013,1
9014,2
9015,2
9016,8
9017,6
9018,3
9019,7
9020,7
9021,1
9022,4
9023,8
9024,7
9025,6
9026,1
9027,7
9028,2
9029,4
9030,4
9031,5
9032,7
9033,0
9034,0
9035,1
9036,6
9037,6
9038,8
9039,2
9040,7
9041,8
9042,2
9043,4
9044,2
9045,1
9046,6
9047,1
9048,0
9049,6
9050,9
9051,8
9052,3
9053,9
9054,6
9055,3
9056,0
9057,1
9058,2
9059,3
9060,4
9061,5
9062,6
9063,7
9064,8
9065,9
9066,0
9067,1
9068,2
9069,8
9070,9
9071,5
9072,6
9073,7
9074,8
9075,4
9076,0
9077,1
9078,2
9079,3
9080,9
9081,5
9082,6
9083,7
9084,8
9085,9
9086,1
9087,6
9088,8
9089,4
9090,9
9091,0
9092,1
9093,2
9094,4
9095,4
9096,3
9097,7
9098,4
9099,4
9100,4
9101,0
9102,3
9103,8
9104,7
9105,5
9106,8
9107,2
9108,1
9109,7
9110,5
9111,3
9112,8
9113,5
9114,2
9115,5
9116,1
9117,1
9118,6
9119,2
9120,1
9121,3
9122,8
9123,6
9124,8
9125,2
9126,6
9127,2
9128,5
9129,5
9130,0
9131,2
9132,8
9133,0
9134,6
9135,8
9136,1
9137,7
9138,9
9139,1
9140,9
9141,2
9142,6
9143,7
9144,6
9145,6
9146,8
9147,7
9148,4
9149,9
9150,2
9151,1
9152,3
9153,3
9154,0
9155,5
9156,5
9157,3
9158,0
9159,3
9160,7
9161,9
9162,7
9163,0
9164,2
9165,7
9166,9
9167,1
9168,7
9169,8
9170,0
9171,3
9172,5
9173,3
9174,6
9175,0
9176,1
9177,2
9178,3
9179,4
9180,5
9181,6
9182,9
9183,8
9184,9
9185,0
9186,1
9187,2
9188,3
9189,4
9190,5
9191,6
9192,7
9193,0
9194,9
9195,0
9196,1
9197,2
9198,8
9199,4
9200,7
9201,8
9202,9
9203,6
9204,4
9205,2
9206,6
9207,9
9208,7
9209,8
9210,9
9211,2
9212,9
9213,8
9214,9
9215,3
9216,0
9217,0
9218,1
9219,0
9220,4
9221,2
9222,6
9223,8
9224,5
9225,8
9226,0
9227,3
9228,4
9229,1
9230,5
9231,8
9232,0
9233,0
9234,8
9235,0
9236,6
9237,1
9238,7
9239,8
9240,0
9241,9
9242,2
9243,6
9244,7
9245,1
9246,9
9247,6
9248,9
9249,4
9250,9
9251,9
9252,6
9253,7
9254,1
9255,2
9256,5
9257,3
9258,7
9259,8
9260,0
9261,1
9262,2
9263,4
9264,5
9265,6
9266,7
9267,3
9268,9
9269,0
9270,1
9271,3
9272,4
9273,5
9274,6
9275,7
9276,5
9277,0
9278,1
9279,3
9280,4
9281,7
9282,8
9283,9
9284,7
9285,5
9286,5
9287,1
9288,9
9289,9
9290,7
9291,1
9292,0
9293,0
9294,5
9295,9
9296,7
9297,1
9298,7
9299,2
9300,2
9301,3
9302,6
9303,3
9304,3
9305,2
9306,0
9307,0
9308,6
9309,1
9310,7
9311,5
9312,8
9313,4
9314,2
9315,9
9316,4
9317,3
9318,8
9319,7
9320,1
9321,0
9322,3
9323,7
9324,7
9325,5
9326,3
9327,5
9328,3
9329,4
9330,6
9331,1
9332,1
9333,5
9334,5
9335,0
9336,7
9337,2
9338,3
9339,6
9340,4
9341,1
9342,6
9343,4
9344,1
9345,5
9346,4
9347,2
9348,0
9349,4
9350,3
9351,6
9352,1
9353,9
9354,0
9355,2
9356,5
9357,6
9358,9
9359,3
9360,6
9361,3
9362,4
9363,0
9364,1
9365,2
9366,3
9367,4
9368,5
9369,6
9370,7
9371,3
9372,4
9373,0
9374,1
9375,2
9376,3
9377,4
9378,5
9379,6
9380,7
9381,6
9382,9
9383,0
9384,1
9385,2
9386,3
9387,5
9388,6
9389,7
9390,8
9391,1
9392,4
9393,5
9394,7
9395,5
9396,1
9397,8
9398,6
9399,4
9400,0
9401,4
9402,1
9403,4
9404,3
9405,8
9406,4
9407,4
9408,7
9409,0
9410,1
9411,4
9412,2
9413,8
9414,7
9415,8
9416,2
9417,5
9418,9
9419,6
9420,0
9421,4
9422,5
9423,5
9424,3
9425,3
9426,3
9427,4
9428,8
9429,1
9430,1
9431,0
9432,6
9433,1
9434,0
9435,0
9436,6
9437,2
9438,1
9439,1
9440,3
9441,2
9442,7
9443,7
9444,8
9445,3
9446,7
9447,2
9448,4
9449,6
9450,0
9451,2
9452,0
9453,7
9454,0
9455,3
9456,6
9457,8
9458,7
9459,1
9460,5
9461,9
9462,9
9463,3
9464,7
9465,2
9466,4
9467,4
9468,4
9469,3
9470,6
9471,2
9472,4
9473,5
9474,8
9475,2
9476,5
9477,5
9478,9
9479,4
9480,1
9481,7
9482,2
9483,0
9484,1
9485,2
9486,3
9487,4
9488,5
9489,6
9490,7
9491,8
9492,9
9493,0
9494,1
9495,2
9496,3
9497,4
9498,5
9499,6
9500,7
9501,8
9502,9
9503,0
9504,1
9505,2
9506,3
9507,4
9508,4
9509,6
9510,7
9511,8
9512,4
9513,1
9514,0
9515,1
9516,2
9517,7
9518,5
9519,3
9520,4
9521,4
9522,0
9523,0
9524,6
9525,9
9526,6
9527,6
9528,5
9529,9
9530,8
9531,3
9532,4
9533,4
9534,9
9535,1
9536,4
9537,0
9538,7
9539,9
9540,5
9541,7
9542,2
9543,3
9544,1
9545,4
9546,4
9547,0
9548,9
9549,9
9550,6
9551,1
9552,8
9553,3
9554,8
9555,1
9556,8
9557,9
9558,8
9559,8
9560,4
9561,7
9562,7
9563,6
9564,2
9565,1
9566,9
9567,8
9568,7
9569,8
9570,8
9571,7
9572,2
9573,2
9574,3
9575,9
9576,3
9577,3
9578,5
9579,5
9580,0
9581,7
9582,4
9583,5
9584,6
9585,5
9586,1
9587,4
9588,1
9589,1
9590,2
9591,8
9592,2
9593,6
9594,1
9595,5
9596,0
9597,1
9598,2
9599,3
9600,4
9601,5
9602,5
9603,7
9604,8
9605,9
9606,0
9607,1
9608,2
9609,3
9610,4
9611,5
9612,6
9613,7
9614,9
9615,9
9616,0
9617,1
9618,2
9619,8
9620,4
9621,5
9622,6
9623,7
9624,4
9625,8
9626,0
9627,5
9628,0
9629,3
9630,2
9631,2
9632,7
9633,9
9634,4
9635,7
9636,1
9637,7
9638,1
9639,7
9640,1
9641,4
9642,0
9643,0
9644,1
9645,7
9646,5
9647,0
9648,1
9649,3
9650,5
9651,3
9652,1
9653,6
9654,9
9655,7
9656,1
9657,3
9658,0
9659,4
9660,6
9661,0
9662,8
9663,9
9664,4
9665,3
9666,5
9667,4
9668,8
9669,1
9670,5
9671,9
9672,0
9673,6
9674,5
9675,3
9676,8
9677,1
9678,4
9679,7
9680,5
9681,2
9682,5
9683,0
9684,1
9685,7
9686,4
9687,9
9688,4
9689,3
9690,8
9691,2
9692,3
9693,5
9694,1
9695,5
9696,9
9697,5
9698,2
9699,0
9700,1
9701,2
9702,3
9703,4
9704,5
9705,6
9706,9
9707,5
9708,9
9709,0
9710,1
9711,0
9712,3
9713,4
9714,0
9715,6
9716,7
9717,8
9718,4
9719,0
9720,1
9721,0
9722,3
9723,4
9724,6
9725,6
9726,9
9727,8
9728,9
9729,7
9730,4
9731,0
9732,1
9733,4
9734,0
9735,4
9736,9
9737,3
9738,9
9739,5
9740,0
9741,7
9742,5
9743,8
9744,6
9745,3
9746,0
9747,0
9748,0
9749,5
9750,3
9751,6
9752,0
9753,3
9754,8
9755,1
9756,0
9757,3
9758,0
9759,4
9760,7
9761,4
9762,9
9763,0
9764,4
9765,0
9766,7
9767,1
9768,7
9769,1
9770,6
9771,6
9772,0
9773,6
9774,0
9775,9
9776,9
9777,5
9778,4
9779,9
9780,9
9781,5
9782,3
9783,9
9784,4
9785,3
9786,0
9787,9
9788,6
9789,6
9790,1
9791,1
9792,3
9793,2
9794,1
9795,0
9796,0
9797,1
9798,2
9799,3
9800,4
9801,7
9802,8
9803,4
9804,0
9805,1
9806,3
9807,3
9808,4
9809,5
9810,6
9811,7
9812,8
9813,0
9814,1
9815,2
9816,3
9817,4
9818,7
9819,8
9820,9
9821,0
9822,8
9823,3
9824,9
9825,5
9826,5
9827,3
9828,6
9829,6
9830,4
9831,1
9832,7
9833,1
9834,3
9835,3
9836,5
9837,6
9838,9
9839,1
9840,1
9841,1
9842,2
9843,1
9844,2
9845,0
9846,7
9847,7
9848,5
9849,6
9850,3
9851,9
9852,8
9853,6
9854,7
9855,3
9856,4
9857,6
9858,6
9859,7
9860,0
9861,4
9862,3
9863,7
9864,7
9865,5
9866,4
9867,3
9868,4
9869,3
9870,9
9871,1
9872,5
9873,1
9874,5
9875,3
9876,3
9877,3
9878,5
9879,7
9880,0
9881,6
9882,8
9883,6
9884,3
9885,4
9886,4
9887,5
9888,8
9889,7
9890,7
9891,1
9892,0
9893,1
9894,7
9895,8
9896,4
9897,0
9898,1
9899,5
9900,9
9901,4
9902,5
9903,6
9904,7
9905,5
9906,0
9907,1
9908,2
9909,8
9910,4
9911,7
9912,8
9913,9
9914,7
9915,8
9916,6
9917,9
9918,1
9919,4
9920,9
9921,8
9922,4
9923,4
9924,7
9925,0
9926,1
9927,9
9928,2
9929,8
9930,7
9931,8
9932,2
9933,6
9934,0
9935,0
9936,6
9937,3
9938,8
9939,5
9940,9
9941,1
9942,4
9943,0
9944,6
9945,1
9946,0
9947,0
9948,0
9949,2
9950,1
9951,1
9952,7
9953,7
9954,8
9955,4
9956,6
9957,0
9958,7
9959,0
9960,3
9961,6
9962,8
9963,7
9964,1
9965,5
9966,2
9967,4
9968,4
9969,4
9970,2
9971,6
9972,4
9973,1
9974,7
9975,2
9976,6
9977,6
9978,0
9979,1
9980,2
9981,8
9982,4
9983,5
9984,6
9985,7
9986,3
9987,4
9988,0
9989,1
9990,2
9991,3
9992,4
9993,5
9994,6
